customer_id,customer_name,city,customer_type
C0001,Rohan,Patna,Regular
C0002,Priya,Kolkata,Business
C0003,Rahul,Patna,Premium
C0004,Rohan,Mumbai,Premium
C0005,Rahul,Delhi,Premium
C0006,Priya,Patna,Premium
C0007,Amit,Delhi,Premium
C0008,Rohan,Kolkata,Premium
C0009,Amit,Pune,Business
C0010,Rohan,Mumbai,Regular
C0011,Amit,Pune,Business
C0012,Rohan,Patna,Premium
C0013,Rahul,Mumbai,Regular
C0014,Priya,Delhi,Business
C0015,Rahul,Pune,Business
C0016,Priya,Kolkata,Business
C0017,Priya,Delhi,Regular
C0018,Sneha,Mumbai,Regular
C0019,Amit,Kolkata,Regular
C0020,Neha,Delhi,Business
C0021,Sneha,Delhi,Premium
C0022,Neha,Mumbai,Business
C0023,Priya,Mumbai,Regular
C0024,Rahul,Patna,Premium
C0025,Priya,Kolkata,Regular
C0026,Amit,Mumbai,Premium
C0027,Rohan,Delhi,Premium
C0028,Rohan,Patna,Premium
C0029,Priya,Pune,Regular
C0030,Rahul,Patna,Regular
C0031,Rohan,Pune,Premium
C0032,Sneha,Kolkata,Regular
C0033,Neha,Pune,Business
C0034,Rahul,Patna,Regular
C0035,Sneha,Delhi,Business
C0036,Priya,Mumbai,Business
C0037,Priya,Pune,Regular
C0038,Rohan,Kolkata,Business
C0039,Rohan,Delhi,Premium
C0040,Sneha,Delhi,Regular
C0041,Rohan,Kolkata,Premium
C0042,Rahul,Kolkata,Regular
C0043,Rohan,Mumbai,Premium
C0044,Rahul,Mumbai,Regular
C0045,Priya,Pune,Regular
C0046,Rahul,Pune,Premium
C0047,Amit,Patna,Regular
C0048,Neha,Kolkata,Regular
C0049,Neha,Pune,Regular
C0050,Rahul,Mumbai,Business
C0051,Sneha,Mumbai,Premium
C0052,Neha,Delhi,Premium
C0053,Neha,Pune,Premium
C0054,Rahul,Patna,Premium
C0055,Neha,Mumbai,Premium
C0056,Sneha,Patna,Business
C0057,Rahul,Mumbai,Business
C0058,Sneha,Patna,Business
C0059,Neha,Pune,Business
C0060,Priya,Patna,Premium
C0061,Amit,Kolkata,Premium
C0062,Sneha,Kolkata,Premium
C0063,Rohan,Patna,Premium
C0064,Priya,Mumbai,Regular
C0065,Neha,Mumbai,Business
C0066,Priya,Delhi,Regular
C0067,Rohan,Patna,Business
C0068,Neha,Patna,Regular
C0069,Amit,Kolkata,Business
C0070,Amit,Kolkata,Regular
C0071,Priya,Patna,Business
C0072,Neha,Mumbai,Regular
C0073,Neha,Kolkata,Premium
C0074,Amit,Patna,Premium
C0075,Rohan,Patna,Regular
C0076,Rahul,Pune,Premium
C0077,Neha,Mumbai,Premium
C0078,Neha,Kolkata,Business
C0079,Rohan,Patna,Regular
C0080,Sneha,Pune,Premium
C0081,Priya,Pune,Regular
C0082,Neha,Patna,Premium
C0083,Sneha,Delhi,Regular
C0084,Rahul,Delhi,Premium
C0085,Amit,Pune,Regular
C0086,Sneha,Delhi,Premium
C0087,Neha,Delhi,Business
C0088,Rahul,Kolkata,Regular
C0089,Rahul,Kolkata,Business
C0090,Amit,Pune,Regular
C0091,Neha,Pune,Regular
C0092,Priya,Pune,Regular
C0093,Priya,Mumbai,Business
C0094,Rohan,Kolkata,Regular
C0095,Amit,Mumbai,Regular
C0096,Rahul,Pune,Business
C0097,Rahul,Mumbai,Regular
C0098,Neha,Kolkata,Regular
C0099,Neha,Pune,Regular
C0100,Sneha,Patna,Regular
C0101,Neha,Kolkata,Business
C0102,Sneha,Pune,Regular
C0103,Neha,Mumbai,Business
C0104,Sneha,Kolkata,Regular
C0105,Rahul,Kolkata,Premium
C0106,Amit,Kolkata,Regular
C0107,Amit,Patna,Business
C0108,Amit,Patna,Business
C0109,Priya,Pune,Premium
C0110,Priya,Delhi,Premium
C0111,Priya,Pune,Regular
C0112,Neha,Pune,Business
C0113,Neha,Delhi,Premium
C0114,Amit,Mumbai,Regular
C0115,Neha,Delhi,Premium
C0116,Neha,Delhi,Premium
C0117,Neha,Patna,Premium
C0118,Rohan,Kolkata,Premium
C0119,Priya,Mumbai,Premium
C0120,Rahul,Patna,Business
C0121,Rohan,Pune,Business
C0122,Rohan,Mumbai,Business
C0123,Sneha,Kolkata,Business
C0124,Rohan,Mumbai,Business
C0125,Rahul,Mumbai,Regular
C0126,Sneha,Mumbai,Business
C0127,Rahul,Pune,Regular
C0128,Neha,Pune,Premium
C0129,Priya,Mumbai,Regular
C0130,Priya,Delhi,Business
C0131,Priya,Kolkata,Business
C0132,Neha,Kolkata,Regular
C0133,Rahul,Patna,Regular
C0134,Rahul,Kolkata,Premium
C0135,Rohan,Kolkata,Business
C0136,Rahul,Mumbai,Regular
C0137,Rohan,Patna,Regular
C0138,Neha,Pune,Premium
C0139,Rahul,Mumbai,Regular
C0140,Sneha,Mumbai,Premium
C0141,Priya,Delhi,Regular
C0142,Amit,Kolkata,Premium
C0143,Rahul,Kolkata,Premium
C0144,Sneha,Delhi,Regular
C0145,Rahul,Delhi,Premium
C0146,Neha,Mumbai,Regular
C0147,Rahul,Pune,Business
C0148,Amit,Kolkata,Regular
C0149,Neha,Mumbai,Business
C0150,Priya,Pune,Business
C0151,Priya,Patna,Regular
C0152,Neha,Delhi,Premium
C0153,Neha,Patna,Regular
C0154,Rahul,Kolkata,Premium
C0155,Neha,Pune,Business
C0156,Rahul,Kolkata,Premium
C0157,Rahul,Mumbai,Premium
C0158,Sneha,Patna,Regular
C0159,Rahul,Mumbai,Premium
C0160,Rohan,Patna,Business
C0161,Sneha,Mumbai,Business
C0162,Neha,Pune,Regular
C0163,Rohan,Patna,Premium
C0164,Rahul,Kolkata,Business
C0165,Rohan,Patna,Regular
C0166,Amit,Pune,Regular
C0167,Amit,Mumbai,Premium
C0168,Priya,Delhi,Business
C0169,Rahul,Patna,Business
C0170,Rahul,Mumbai,Premium
C0171,Sneha,Pune,Regular
C0172,Priya,Kolkata,Regular
C0173,Sneha,Pune,Premium
C0174,Neha,Pune,Regular
C0175,Neha,Delhi,Premium
C0176,Sneha,Delhi,Premium
C0177,Rahul,Kolkata,Regular
C0178,Priya,Pune,Business
C0179,Rahul,Mumbai,Premium
C0180,Amit,Kolkata,Premium
C0181,Amit,Kolkata,Premium
C0182,Rahul,Patna,Business
C0183,Sneha,Delhi,Regular
C0184,Neha,Kolkata,Premium
C0185,Amit,Delhi,Business
C0186,Rahul,Patna,Regular
C0187,Rohan,Kolkata,Business
C0188,Rahul,Delhi,Regular
C0189,Priya,Delhi,Premium
C0190,Sneha,Patna,Premium
C0191,Priya,Pune,Business
C0192,Rohan,Kolkata,Business
C0193,Sneha,Mumbai,Regular
C0194,Sneha,Pune,Regular
C0195,Sneha,Pune,Business
C0196,Priya,Patna,Premium
C0197,Amit,Mumbai,Regular
C0198,Sneha,Pune,Business
C0199,Amit,Delhi,Regular
C0200,Rohan,Kolkata,Premium
C0201,Amit,Pune,Business
C0202,Rahul,Pune,Premium
C0203,Sneha,Mumbai,Business
C0204,Amit,Pune,Premium
C0205,Sneha,Patna,Regular
C0206,Rahul,Patna,Regular
C0207,Rahul,Delhi,Premium
C0208,Sneha,Patna,Premium
C0209,Priya,Patna,Regular
C0210,Priya,Kolkata,Premium
C0211,Rohan,Kolkata,Business
C0212,Amit,Mumbai,Business
C0213,Amit,Patna,Premium
C0214,Priya,Mumbai,Business
C0215,Priya,Kolkata,Premium
C0216,Neha,Patna,Regular
C0217,Priya,Kolkata,Regular
C0218,Neha,Delhi,Regular
C0219,Amit,Patna,Premium
