order_id,customer_id,category,payment_method,order_status,order_value,quantity
O00001,C0192,Fashion,Card,Delivered,28835.0,2
O00002,C0060,Grocery,UPI,Delivered,32071.04,5
O00003,C0137,Beauty,Card,Returned,3605.44,1
O00004,C0028,Electronics,NetBanking,Delivered,12103.99,5
O00005,C0205,Electronics,Card,Delivered,24896.25,5
O00006,C0031,Beauty,UPI,Delivered,40397.86,4
O00007,C0101,Home,UPI,Delivered,14657.04,2
O00008,C0080,Grocery,UPI,Delivered,18961.71,1
O00009,C0127,Home,COD,Delivered,47732.56,5
O00010,C0197,Grocery,NetBanking,Delivered,29700.8,3
O00011,C0060,Beauty,UPI,Delivered,11458.27,1
O00012,C0081,Fashion,Card,Delivered,1640.16,1
O00013,C0078,Grocery,Card,Delivered,35910.28,2
O00014,C0021,Electronics,Card,Delivered,35498.84,3
O00015,C0167,Electronics,Card,Delivered,23912.65,5
O00016,C0142,Beauty,COD,Delivered,18408.11,5
O00017,C0086,Home,NetBanking,Delivered,767.49,2
O00018,C0006,Grocery,UPI,Delivered,25830.67,1
O00019,C0047,Beauty,UPI,Delivered,16974.4,2
O00020,C0043,Grocery,NetBanking,Delivered,41370.64,5
O00021,C0042,Grocery,NetBanking,Delivered,33934.46,5
O00022,C0124,Home,COD,Returned,37218.98,5
O00023,C0057,Home,Card,Delivered,10062.66,5
O00024,C0070,Grocery,UPI,Delivered,19517.53,2
O00025,C0022,Electronics,Card,Delivered,39294.56,3
O00026,C0115,Fashion,UPI,Delivered,23486.17,1
O00027,C0105,Electronics,Card,Delivered,30123.78,1
O00028,C0053,Fashion,COD,Delivered,5296.45,3
O00029,C0064,Home,NetBanking,Delivered,49821.35,3
O00030,C0005,Beauty,Card,Cancelled,11670.86,4
O00031,C0146,Electronics,COD,Delivered,37807.38,1
O00032,C0037,Beauty,NetBanking,Delivered,41743.96,3
O00033,C0159,Home,Card,Delivered,12181.59,4
O00034,C0052,Home,UPI,Delivered,38992.33,2
O00035,C0097,Grocery,UPI,Delivered,32162.71,2
O00036,C0192,Grocery,UPI,Delivered,13153.01,2
O00037,C0008,Grocery,Card,Delivered,45503.31,4
O00038,C0150,Fashion,UPI,Delivered,2688.29,3
O00039,C0208,Beauty,Card,Delivered,48007.47,4
O00040,C0039,Fashion,NetBanking,Delivered,21744.1,3
O00041,C0154,Beauty,Card,Delivered,24932.93,1
O00042,C0217,Electronics,Card,Delivered,11733.41,1
O00043,C0062,Fashion,NetBanking,Delivered,36525.23,5
O00044,C0114,Beauty,UPI,Delivered,19189.52,5
O00045,C0038,Grocery,COD,Cancelled,41893.37,4
O00046,C0024,Fashion,UPI,Delivered,5467.82,4
O00047,C0073,Grocery,NetBanking,Delivered,11898.57,3
O00048,C0025,Electronics,UPI,Returned,27073.89,3
O00049,C0085,Home,NetBanking,Delivered,30079.73,1
O00050,C0086,Beauty,Card,Returned,35170.69,1
O00051,C0194,Grocery,Card,Cancelled,6309.95,4
O00052,C0018,Beauty,UPI,Returned,27031.22,3
O00053,C0024,Beauty,UPI,Delivered,5376.81,5
O00054,C0012,Home,NetBanking,Delivered,20485.38,4
O00055,C0129,Grocery,UPI,Delivered,1079.18,5
O00056,C0187,Grocery,COD,Delivered,6384.57,3
O00057,C0030,Electronics,Card,Delivered,3234.15,5
O00058,C0139,Fashion,Card,Delivered,11901.5,4
O00059,C0179,Grocery,UPI,Delivered,48639.92,5
O00060,C0102,Fashion,Card,Cancelled,9463.49,4
O00061,C0152,Electronics,COD,Delivered,38268.79,3
O00062,C0161,Grocery,Card,Delivered,17483.23,5
O00063,C0157,Home,Card,Delivered,3878.46,5
O00064,C0035,Fashion,COD,Delivered,4136.02,1
O00065,C0153,Electronics,COD,Delivered,38557.49,2
O00066,C0031,Electronics,COD,Delivered,2502.67,1
O00067,C0060,Fashion,COD,Delivered,3209.26,5
O00068,C0008,Electronics,COD,Cancelled,24798.01,4
O00069,C0206,Electronics,COD,Delivered,34262.91,4
O00070,C0127,Grocery,Card,Delivered,10663.93,5
O00071,C0207,Beauty,Card,Delivered,37268.33,2
O00072,C0140,Beauty,Card,Delivered,34050.53,4
O00073,C0158,Beauty,Card,Delivered,33571.59,1
O00074,C0057,Fashion,Card,Delivered,13878.69,5
O00075,C0212,Fashion,UPI,Delivered,12682.13,3
O00076,C0210,Home,NetBanking,Delivered,13905.0,2
O00077,C0171,Beauty,UPI,Cancelled,18959.77,2
O00078,C0085,Home,NetBanking,Delivered,31111.16,4
O00079,C0067,Fashion,COD,Delivered,36878.31,1
O00080,C0089,Fashion,UPI,Cancelled,5079.77,2
O00081,C0195,Beauty,Card,Delivered,18395.97,2
O00082,C0212,Beauty,COD,Delivered,9634.8,4
O00083,C0008,Grocery,UPI,Delivered,13885.66,1
O00084,C0080,Electronics,Card,Delivered,16034.73,4
O00085,C0039,Electronics,Card,Delivered,48966.39,5
O00086,C0117,Fashion,NetBanking,Cancelled,30363.08,1
O00087,C0142,Beauty,UPI,Returned,7114.4,2
O00088,C0151,Electronics,COD,Delivered,40423.11,3
O00089,C0197,Electronics,UPI,Cancelled,35903.35,3
O00090,C0050,Grocery,Card,Delivered,38655.71,4
O00091,C0190,Beauty,Card,Delivered,47838.83,4
O00092,C0172,Electronics,Card,Delivered,44367.28,4
O00093,C0162,Grocery,COD,Delivered,23042.38,1
O00094,C0208,Electronics,NetBanking,Delivered,34374.84,1
O00095,C0137,Home,COD,Delivered,306.29,2
O00096,C0157,Beauty,COD,Cancelled,49372.42,1
O00097,C0100,Electronics,Card,Returned,49047.1,5
O00098,C0113,Fashion,Card,Cancelled,31756.1,2
O00099,C0032,Beauty,NetBanking,Delivered,20286.39,1
O00100,C0131,Beauty,UPI,Cancelled,30046.56,3
O00101,C0072,Home,Card,Delivered,34140.72,4
O00102,C0095,Grocery,UPI,Delivered,48451.09,2
O00103,C0051,Home,UPI,Delivered,6435.74,5
O00104,C0154,Grocery,NetBanking,Cancelled,47029.0,3
O00105,C0140,Home,UPI,Delivered,31340.71,5
O00106,C0139,Beauty,UPI,Delivered,45150.49,5
O00107,C0017,Grocery,NetBanking,Delivered,12093.38,2
O00108,C0055,Grocery,COD,Delivered,11170.29,2
O00109,C0208,Fashion,COD,Delivered,14068.0,2
O00110,C0055,Grocery,NetBanking,Delivered,12201.49,3
O00111,C0080,Grocery,COD,Delivered,1603.89,1
O00112,C0069,Beauty,Card,Returned,5451.12,2
O00113,C0064,Beauty,NetBanking,Delivered,40769.28,3
O00114,C0184,Fashion,COD,Delivered,39265.55,4
O00115,C0174,Grocery,NetBanking,Delivered,34316.52,1
O00116,C0101,Home,NetBanking,Delivered,40953.87,4
O00117,C0199,Electronics,NetBanking,Delivered,30055.26,3
O00118,C0196,Grocery,Card,Delivered,48537.41,2
O00119,C0001,Home,Card,Delivered,38039.84,5
O00120,C0147,Fashion,Card,Delivered,48310.61,4
O00121,C0170,Grocery,UPI,Delivered,47763.2,2
O00122,C0027,Electronics,NetBanking,Delivered,40237.15,5
O00123,C0137,Home,Card,Delivered,29742.28,1
O00124,C0112,Beauty,Card,Cancelled,16091.83,2
O00125,C0075,Home,Card,Returned,38568.42,2
O00126,C0135,Home,NetBanking,Delivered,16894.19,2
O00127,C0185,Fashion,COD,Delivered,28951.61,4
O00128,C0054,Beauty,COD,Delivered,9612.91,4
O00129,C0137,Fashion,Card,Cancelled,20765.67,4
O00130,C0059,Fashion,Card,Delivered,46635.75,3
O00131,C0102,Grocery,Card,Delivered,47681.43,3
O00132,C0044,Grocery,COD,Delivered,41308.62,4
O00133,C0050,Electronics,COD,Cancelled,32822.01,5
O00134,C0101,Fashion,UPI,Returned,12014.94,1
O00135,C0162,Electronics,COD,Delivered,47215.6,3
O00136,C0119,Home,NetBanking,Delivered,23421.22,2
O00137,C0113,Electronics,COD,Cancelled,42233.16,5
O00138,C0048,Beauty,NetBanking,Delivered,4930.96,2
O00139,C0076,Home,Card,Delivered,38376.8,4
O00140,C0117,Fashion,Card,Delivered,41622.06,3
O00141,C0139,Beauty,UPI,Cancelled,46086.88,3
O00142,C0143,Fashion,UPI,Delivered,22924.18,3
O00143,C0145,Home,NetBanking,Delivered,44439.23,4
O00144,C0209,Home,NetBanking,Delivered,12415.16,5
O00145,C0038,Electronics,UPI,Delivered,45605.78,4
O00146,C0104,Grocery,Card,Delivered,4762.11,2
O00147,C0063,Home,NetBanking,Returned,35077.76,4
O00148,C0029,Electronics,UPI,Cancelled,29020.71,1
O00149,C0098,Home,Card,Delivered,37839.15,1
O00150,C0043,Home,COD,Returned,31449.81,5
O00151,C0001,Grocery,Card,Delivered,539.63,5
O00152,C0126,Beauty,Card,Delivered,29557.18,3
O00153,C0097,Fashion,NetBanking,Delivered,1500.07,5
O00154,C0082,Grocery,UPI,Cancelled,48574.25,5
O00155,C0100,Fashion,Card,Delivered,12269.88,5
O00156,C0109,Beauty,Card,Cancelled,40496.12,3
O00157,C0012,Grocery,COD,Delivered,2261.39,5
O00158,C0082,Electronics,Card,Delivered,21159.52,4
O00159,C0211,Home,UPI,Delivered,36826.27,3
O00160,C0177,Fashion,Card,Delivered,16904.14,1
O00161,C0127,Electronics,COD,Delivered,36470.25,4
O00162,C0194,Home,NetBanking,Delivered,49971.18,5
O00163,C0187,Grocery,Card,Returned,11863.43,3
O00164,C0007,Beauty,Card,Delivered,12835.87,5
O00165,C0165,Beauty,Card,Delivered,19709.69,3
O00166,C0012,Home,COD,Delivered,8619.21,2
O00167,C0065,Grocery,NetBanking,Delivered,21744.58,5
O00168,C0085,Grocery,Card,Delivered,22406.52,3
O00169,C0192,Electronics,NetBanking,Delivered,47624.28,4
O00170,C0101,Beauty,UPI,Delivered,40283.2,2
O00171,C0052,Grocery,NetBanking,Delivered,26948.15,3
O00172,C0156,Home,Card,Returned,18746.94,1
O00173,C0150,Grocery,Card,Delivered,44075.76,1
O00174,C0068,Grocery,UPI,Delivered,24283.88,5
O00175,C0180,Grocery,UPI,Delivered,22080.06,2
O00176,C0061,Home,COD,Delivered,1996.3,3
O00177,C0068,Electronics,Card,Delivered,27900.35,5
O00178,C0200,Beauty,UPI,Delivered,15215.4,1
O00179,C0150,Home,NetBanking,Delivered,6931.24,3
O00180,C0054,Fashion,NetBanking,Delivered,41206.95,4
O00181,C0059,Electronics,COD,Delivered,15182.27,2
O00182,C0182,Home,Card,Delivered,2724.52,3
O00183,C0036,Grocery,UPI,Delivered,27830.8,5
O00184,C0214,Beauty,COD,Delivered,10764.67,4
O00185,C0087,Electronics,Card,Delivered,49145.77,4
O00186,C0012,Home,NetBanking,Cancelled,41170.23,2
O00187,C0034,Grocery,Card,Returned,21172.81,2
O00188,C0137,Home,NetBanking,Cancelled,18173.82,3
O00189,C0180,Fashion,COD,Delivered,19616.89,2
O00190,C0047,Beauty,NetBanking,Delivered,18805.99,1
O00191,C0057,Home,COD,Returned,21063.09,3
O00192,C0197,Fashion,COD,Cancelled,9160.39,1
O00193,C0045,Electronics,Card,Delivered,26802.79,4
O00194,C0046,Beauty,UPI,Delivered,11345.23,5
O00195,C0052,Grocery,COD,Delivered,48188.04,3
O00196,C0179,Electronics,UPI,Delivered,39560.35,2
O00197,C0171,Fashion,COD,Delivered,40458.07,5
O00198,C0126,Fashion,COD,Delivered,5019.39,4
O00199,C0118,Fashion,NetBanking,Delivered,45398.44,3
O00200,C0009,Grocery,NetBanking,Delivered,9194.19,5
O00201,C0159,Home,NetBanking,Delivered,47073.93,2
O00202,C0143,Beauty,COD,Delivered,38912.63,4
O00203,C0033,Home,NetBanking,Returned,29859.78,5
O00204,C0207,Grocery,Card,Delivered,41102.51,4
O00205,C0200,Home,NetBanking,Delivered,41291.64,3
O00206,C0166,Home,COD,Delivered,40746.85,1
O00207,C0142,Home,Card,Delivered,43829.44,5
O00208,C0103,Beauty,UPI,Delivered,26863.65,3
O00209,C0139,Electronics,Card,Delivered,16049.32,1
O00210,C0046,Home,COD,Returned,42673.08,4
O00211,C0064,Fashion,NetBanking,Delivered,21053.73,4
O00212,C0124,Home,UPI,Delivered,6975.92,2
O00213,C0152,Beauty,NetBanking,Delivered,8138.1,2
O00214,C0016,Grocery,UPI,Returned,3220.64,2
O00215,C0091,Fashion,UPI,Returned,28371.07,2
O00216,C0165,Grocery,NetBanking,Returned,32960.5,1
O00217,C0141,Fashion,UPI,Delivered,40105.1,2
O00218,C0032,Fashion,Card,Delivered,29508.38,1
O00219,C0116,Electronics,COD,Delivered,7719.58,1
O00220,C0184,Grocery,Card,Delivered,37816.01,1
O00221,C0158,Fashion,Card,Cancelled,12855.99,2
O00222,C0122,Beauty,Card,Delivered,45505.38,3
O00223,C0057,Fashion,NetBanking,Delivered,37855.3,2
O00224,C0180,Beauty,COD,Delivered,43078.64,1
O00225,C0213,Home,COD,Delivered,38201.58,2
O00226,C0053,Home,Card,Delivered,44325.93,3
O00227,C0151,Fashion,Card,Returned,41662.39,4
O00228,C0119,Grocery,UPI,Delivered,46611.09,3
O00229,C0072,Electronics,Card,Delivered,48070.83,2
O00230,C0177,Beauty,COD,Delivered,25430.58,3
O00231,C0190,Electronics,COD,Cancelled,34930.73,1
O00232,C0087,Beauty,COD,Delivered,5665.5,1
O00233,C0150,Home,UPI,Delivered,7954.74,3
O00234,C0123,Fashion,COD,Delivered,47138.62,2
O00235,C0024,Electronics,NetBanking,Delivered,21426.87,1
O00236,C0128,Home,COD,Cancelled,13263.35,5
O00237,C0148,Electronics,COD,Cancelled,13304.56,2
O00238,C0015,Electronics,COD,Delivered,21346.54,5
O00239,C0130,Grocery,NetBanking,Delivered,46966.88,1
O00240,C0074,Fashion,COD,Delivered,18096.31,4
O00241,C0132,Fashion,COD,Delivered,31648.24,1
O00242,C0102,Fashion,NetBanking,Delivered,45972.28,5
O00243,C0043,Home,COD,Delivered,18162.67,4
O00244,C0156,Beauty,COD,Delivered,26420.86,5
O00245,C0058,Electronics,COD,Cancelled,1517.7,4
O00246,C0159,Electronics,NetBanking,Returned,7951.58,5
O00247,C0033,Fashion,NetBanking,Cancelled,5893.99,2
O00248,C0009,Fashion,UPI,Cancelled,44518.75,5
O00249,C0167,Electronics,NetBanking,Cancelled,15796.75,2
O00250,C0103,Home,NetBanking,Delivered,28356.39,5
O00251,C0019,Beauty,Card,Returned,18364.89,1
O00252,C0067,Beauty,Card,Cancelled,25993.48,2
O00253,C0080,Beauty,NetBanking,Delivered,39453.18,4
O00254,C0190,Electronics,COD,Cancelled,21664.04,1
O00255,C0213,Electronics,UPI,Cancelled,19681.08,1
O00256,C0051,Grocery,COD,Delivered,14777.88,4
O00257,C0023,Beauty,Card,Delivered,39911.16,5
O00258,C0021,Beauty,UPI,Delivered,37089.69,2
O00259,C0198,Fashion,UPI,Delivered,33971.23,1
O00260,C0117,Home,COD,Delivered,27776.6,5
O00261,C0214,Grocery,Card,Delivered,7905.25,5
O00262,C0160,Home,NetBanking,Delivered,24737.97,5
O00263,C0022,Grocery,Card,Delivered,1005.69,1
O00264,C0029,Electronics,Card,Delivered,39588.56,3
O00265,C0063,Electronics,UPI,Cancelled,12643.04,5
O00266,C0007,Electronics,Card,Delivered,4371.33,5
O00267,C0082,Electronics,NetBanking,Delivered,10206.36,1
O00268,C0195,Fashion,NetBanking,Delivered,32885.04,2
O00269,C0166,Electronics,NetBanking,Delivered,5184.78,1
O00270,C0150,Beauty,Card,Delivered,25434.3,1
O00271,C0101,Home,NetBanking,Delivered,34376.2,4
O00272,C0181,Beauty,COD,Delivered,2705.43,3
O00273,C0209,Fashion,NetBanking,Delivered,8348.2,5
O00274,C0041,Fashion,COD,Delivered,8306.45,2
O00275,C0219,Fashion,UPI,Delivered,48891.83,1
O00276,C0054,Fashion,COD,Delivered,2614.69,5
O00277,C0191,Beauty,Card,Delivered,48001.99,1
O00278,C0184,Electronics,Card,Delivered,18437.08,1
O00279,C0065,Home,Card,Returned,4422.17,1
O00280,C0007,Electronics,COD,Delivered,37869.62,1
O00281,C0118,Electronics,NetBanking,Delivered,6262.61,5
O00282,C0025,Home,Card,Delivered,12874.11,5
O00283,C0064,Beauty,UPI,Cancelled,19442.42,2
O00284,C0104,Beauty,NetBanking,Delivered,36836.51,3
O00285,C0122,Electronics,UPI,Delivered,30560.54,5
O00286,C0003,Home,NetBanking,Cancelled,23108.65,1
O00287,C0087,Fashion,UPI,Delivered,29715.55,3
O00288,C0098,Grocery,UPI,Cancelled,2727.68,2
O00289,C0161,Fashion,Card,Delivered,16513.17,1
O00290,C0084,Grocery,Card,Delivered,46380.13,2
O00291,C0028,Home,Card,Delivered,9153.86,2
O00292,C0109,Home,COD,Returned,10978.05,5
O00293,C0054,Electronics,COD,Delivered,41538.0,3
O00294,C0005,Beauty,Card,Delivered,24332.07,3
O00295,C0091,Grocery,Card,Delivered,43001.04,5
O00296,C0054,Electronics,NetBanking,Delivered,27605.38,2
O00297,C0117,Grocery,Card,Delivered,27009.65,1
O00298,C0209,Grocery,Card,Cancelled,43259.13,1
O00299,C0012,Home,Card,Cancelled,6463.5,1
O00300,C0107,Fashion,Card,Delivered,22574.31,2
O00301,C0022,Beauty,Card,Delivered,42611.05,1
O00302,C0100,Fashion,UPI,Delivered,42049.02,3
O00303,C0113,Fashion,COD,Delivered,20635.97,3
O00304,C0074,Beauty,NetBanking,Delivered,18555.56,3
O00305,C0131,Beauty,COD,Delivered,38916.02,4
O00306,C0027,Fashion,UPI,Delivered,26525.57,4
O00307,C0208,Grocery,NetBanking,Delivered,12652.35,5
O00308,C0138,Grocery,NetBanking,Delivered,36189.63,4
O00309,C0101,Fashion,NetBanking,Cancelled,38248.44,5
O00310,C0182,Grocery,NetBanking,Delivered,34268.59,4
O00311,C0152,Fashion,Card,Delivered,26306.06,4
O00312,C0139,Electronics,UPI,Returned,1936.99,1
O00313,C0018,Fashion,UPI,Delivered,11752.18,2
O00314,C0128,Grocery,UPI,Delivered,29409.06,1
O00315,C0210,Beauty,Card,Delivered,14529.68,1
O00316,C0209,Beauty,COD,Delivered,36471.49,2
O00317,C0187,Fashion,NetBanking,Delivered,25605.18,1
O00318,C0136,Fashion,Card,Delivered,3173.9,2
O00319,C0028,Fashion,COD,Delivered,49383.8,4
O00320,C0059,Electronics,NetBanking,Delivered,5975.41,5
O00321,C0003,Grocery,Card,Delivered,1324.79,5
O00322,C0015,Fashion,UPI,Cancelled,19994.58,3
O00323,C0071,Fashion,UPI,Returned,28111.54,2
O00324,C0163,Fashion,UPI,Delivered,33096.3,2
O00325,C0143,Fashion,COD,Delivered,42459.97,5
O00326,C0116,Grocery,NetBanking,Cancelled,1283.95,2
O00327,C0081,Grocery,COD,Delivered,12804.69,3
O00328,C0028,Electronics,UPI,Delivered,38430.96,1
O00329,C0165,Electronics,NetBanking,Returned,46153.35,1
O00330,C0125,Electronics,Card,Delivered,30325.67,2
O00331,C0059,Electronics,Card,Delivered,11322.45,4
O00332,C0117,Home,NetBanking,Returned,6655.89,3
O00333,C0210,Grocery,Card,Delivered,31709.14,4
O00334,C0153,Beauty,COD,Delivered,48787.45,5
O00335,C0110,Grocery,Card,Delivered,19144.36,1
O00336,C0128,Fashion,Card,Delivered,16892.71,2
O00337,C0208,Electronics,UPI,Delivered,27864.05,1
O00338,C0115,Home,NetBanking,Delivered,34618.11,2
O00339,C0086,Beauty,COD,Delivered,959.66,4
O00340,C0157,Fashion,UPI,Delivered,18958.35,3
O00341,C0020,Fashion,COD,Returned,1111.85,2
O00342,C0146,Home,UPI,Delivered,28433.34,1
O00343,C0077,Fashion,Card,Delivered,20157.27,5
O00344,C0012,Electronics,COD,Delivered,20510.83,2
O00345,C0202,Beauty,UPI,Delivered,8115.12,1
O00346,C0151,Fashion,UPI,Delivered,36704.07,5
O00347,C0214,Beauty,NetBanking,Delivered,28240.39,1
O00348,C0094,Electronics,UPI,Returned,36147.58,1
O00349,C0086,Grocery,Card,Delivered,24318.57,1
O00350,C0102,Grocery,UPI,Delivered,8722.28,4
