customer_id,customer_name,city,risk_profile
C0001,Neha,Patna,High
C0002,Riya,Kolkata,Low
C0003,Neha,Pune,Low
C0004,Riya,Mumbai,High
C0005,Riya,Patna,Medium
C0006,Karan,Mumbai,Medium
C0007,Neha,Patna,High
C0008,Riya,Kolkata,High
C0009,Riya,Mumbai,Medium
C0010,Karan,Mumbai,High
C0011,Neha,Delhi,High
C0012,Neha,Mumbai,Medium
C0013,Karan,Kolkata,Low
C0014,Amit,Patna,Medium
C0015,Amit,Delhi,Low
C0016,Pooja,Delhi,Medium
C0017,Amit,Pune,Low
C0018,Riya,Delhi,High
C0019,Neha,Delhi,Low
C0020,Karan,Mumbai,Low
C0021,Riya,Kolkata,High
C0022,Riya,Patna,High
C0023,Riya,Mumbai,High
C0024,Vikas,Pune,High
C0025,Pooja,Mumbai,High
C0026,Neha,Pune,High
C0027,Karan,Delhi,Medium
C0028,Riya,Mumbai,High
C0029,Pooja,Pune,Low
C0030,Amit,Delhi,Medium
C0031,Pooja,Delhi,Low
C0032,Riya,Patna,High
C0033,Neha,Kolkata,Medium
C0034,Vikas,Delhi,High
C0035,Amit,Mumbai,High
C0036,Karan,Delhi,Medium
C0037,Neha,Patna,High
C0038,Riya,Kolkata,Low
C0039,Amit,Mumbai,High
C0040,Vikas,Delhi,Medium
C0041,Amit,Kolkata,Medium
C0042,Pooja,Mumbai,Medium
C0043,Neha,Kolkata,Low
C0044,Vikas,Pune,Medium
C0045,Amit,Kolkata,High
C0046,Neha,Kolkata,Low
C0047,Karan,Mumbai,Low
C0048,Vikas,Kolkata,Medium
C0049,Vikas,Patna,Medium
C0050,Neha,Pune,Low
C0051,Riya,Mumbai,Medium
C0052,Karan,Delhi,High
C0053,Pooja,Delhi,Medium
C0054,Pooja,Kolkata,Medium
C0055,Pooja,Kolkata,High
C0056,Vikas,Pune,Low
C0057,Vikas,Pune,Low
C0058,Neha,Pune,Low
C0059,Amit,Patna,Medium
C0060,Riya,Mumbai,High
C0061,Pooja,Patna,Low
C0062,Neha,Delhi,High
C0063,Vikas,Pune,Medium
C0064,Neha,Pune,High
C0065,Amit,Kolkata,Low
C0066,Amit,Kolkata,Medium
C0067,Amit,Delhi,Medium
C0068,Pooja,Patna,Low
C0069,Neha,Patna,Medium
C0070,Amit,Kolkata,Low
C0071,Neha,Patna,Medium
C0072,Amit,Patna,Low
C0073,Pooja,Patna,Medium
C0074,Riya,Patna,Medium
C0075,Riya,Patna,Low
C0076,Neha,Mumbai,Low
C0077,Karan,Delhi,Medium
C0078,Riya,Kolkata,High
C0079,Neha,Patna,High
C0080,Neha,Pune,High
C0081,Pooja,Kolkata,Low
C0082,Vikas,Kolkata,Medium
C0083,Vikas,Mumbai,Low
C0084,Pooja,Kolkata,High
C0085,Riya,Kolkata,High
C0086,Vikas,Delhi,High
C0087,Riya,Patna,Low
C0088,Vikas,Patna,Medium
C0089,Karan,Delhi,Low
C0090,Amit,Mumbai,Medium
C0091,Neha,Pune,Low
C0092,Vikas,Delhi,High
C0093,Amit,Delhi,High
C0094,Pooja,Mumbai,High
C0095,Karan,Patna,High
C0096,Karan,Kolkata,High
C0097,Vikas,Pune,Medium
C0098,Karan,Kolkata,Low
C0099,Pooja,Pune,High
C0100,Vikas,Patna,Low
C0101,Karan,Kolkata,Low
C0102,Vikas,Mumbai,Medium
C0103,Karan,Patna,High
C0104,Riya,Delhi,High
C0105,Karan,Pune,Medium
C0106,Neha,Delhi,High
C0107,Pooja,Patna,Low
C0108,Karan,Pune,Low
C0109,Neha,Delhi,Low
C0110,Vikas,Pune,High
C0111,Neha,Mumbai,High
C0112,Vikas,Patna,Low
C0113,Vikas,Patna,High
C0114,Karan,Delhi,High
C0115,Pooja,Kolkata,Medium
C0116,Vikas,Delhi,Low
C0117,Amit,Patna,Medium
C0118,Vikas,Mumbai,Medium
C0119,Karan,Mumbai,High
C0120,Neha,Pune,Medium
C0121,Vikas,Patna,Low
C0122,Karan,Delhi,High
C0123,Riya,Delhi,Low
C0124,Riya,Patna,High
C0125,Amit,Delhi,Medium
C0126,Riya,Delhi,Medium
C0127,Vikas,Patna,Medium
C0128,Pooja,Patna,Low
C0129,Amit,Kolkata,Low
C0130,Pooja,Pune,Medium
C0131,Karan,Kolkata,High
C0132,Riya,Mumbai,High
C0133,Karan,Pune,High
C0134,Riya,Delhi,Low
C0135,Vikas,Delhi,Low
C0136,Riya,Pune,High
C0137,Pooja,Delhi,Low
C0138,Vikas,Pune,High
C0139,Pooja,Kolkata,High
C0140,Riya,Patna,High
C0141,Amit,Delhi,High
C0142,Neha,Patna,High
C0143,Amit,Pune,Low
C0144,Neha,Delhi,Medium
C0145,Pooja,Mumbai,Low
C0146,Riya,Pune,Low
C0147,Riya,Pune,Medium
C0148,Karan,Delhi,Low
C0149,Riya,Kolkata,High
C0150,Vikas,Patna,Medium
C0151,Neha,Kolkata,High
C0152,Karan,Kolkata,High
C0153,Karan,Patna,High
C0154,Riya,Pune,Medium
C0155,Karan,Delhi,Low
C0156,Vikas,Delhi,Medium
C0157,Vikas,Kolkata,High
C0158,Neha,Patna,Low
C0159,Vikas,Delhi,Medium
C0160,Karan,Kolkata,Low
C0161,Vikas,Delhi,Medium
C0162,Neha,Mumbai,Low
C0163,Neha,Pune,High
C0164,Vikas,Pune,Medium
C0165,Amit,Kolkata,High
C0166,Neha,Mumbai,Medium
C0167,Karan,Pune,Medium
C0168,Pooja,Mumbai,High
C0169,Riya,Pune,Low
C0170,Riya,Patna,High
C0171,Pooja,Mumbai,High
C0172,Amit,Delhi,High
C0173,Riya,Pune,Low
C0174,Riya,Mumbai,High
C0175,Amit,Patna,Medium
C0176,Neha,Delhi,Low
C0177,Riya,Pune,Medium
C0178,Karan,Patna,Medium
C0179,Pooja,Mumbai,High
C0180,Neha,Pune,Medium
C0181,Amit,Patna,Low
C0182,Karan,Patna,Medium
C0183,Vikas,Patna,Low
C0184,Pooja,Patna,High
C0185,Pooja,Kolkata,High
C0186,Riya,Mumbai,Medium
C0187,Karan,Kolkata,Low
C0188,Pooja,Pune,Low
C0189,Riya,Kolkata,Low
C0190,Riya,Pune,High
C0191,Riya,Delhi,High
C0192,Riya,Kolkata,Medium
C0193,Riya,Kolkata,High
C0194,Pooja,Delhi,Low
C0195,Pooja,Delhi,High
C0196,Vikas,Kolkata,Medium
C0197,Pooja,Pune,Low
C0198,Neha,Delhi,Low
C0199,Pooja,Pune,Low
C0200,Amit,Mumbai,Medium
C0201,Pooja,Pune,Medium
C0202,Vikas,Delhi,High
C0203,Karan,Mumbai,Medium
C0204,Amit,Patna,Medium
C0205,Amit,Patna,Low
C0206,Vikas,Pune,Low
C0207,Amit,Delhi,Low
C0208,Riya,Delhi,Medium
C0209,Riya,Mumbai,Medium
C0210,Pooja,Delhi,High
C0211,Riya,Patna,Low
C0212,Amit,Patna,Medium
C0213,Riya,Mumbai,Low
C0214,Neha,Delhi,Medium
C0215,Vikas,Kolkata,High
C0216,Amit,Kolkata,High
C0217,Karan,Kolkata,High
C0218,Vikas,Mumbai,Low
C0219,Karan,Pune,Low
C0220,Pooja,Pune,Medium
C0221,Vikas,Mumbai,Medium
C0222,Pooja,Patna,High
C0223,Vikas,Kolkata,High
C0224,Riya,Pune,Low
C0225,Karan,Patna,High
C0226,Neha,Pune,Medium
C0227,Karan,Delhi,High
C0228,Karan,Patna,Low
C0229,Pooja,Pune,Medium
C0230,Karan,Delhi,Medium
C0231,Amit,Kolkata,High
C0232,Karan,Pune,Medium
C0233,Neha,Mumbai,Medium
C0234,Vikas,Mumbai,Low
C0235,Pooja,Pune,High
C0236,Karan,Pune,Medium
C0237,Neha,Kolkata,Low
C0238,Neha,Kolkata,High
C0239,Karan,Pune,High
