policy_id,customer_id,policy_type,premium,claim_amount,claim_status
P00001,C0162,Travel,68555.12,30805.56,Pending
P00002,C0071,Motor,24666.23,29348.07,Rejected
P00003,C0131,Motor,90873.46,86096.48,Approved
P00004,C0161,Motor,106393.38,33992.06,Rejected
P00005,C0194,Health,139934.61,10819.01,Pending
P00006,C0023,Travel,97339.39,72122.47,Approved
P00007,C0215,Health,79640.2,24855.55,Pending
P00008,C0040,Health,37715.69,82014.82,Pending
P00009,C0073,Life,25175.88,58601.81,Approved
P00010,C0051,Health,101305.98,49753.15,Approved
P00011,C0090,Life,36253.25,63843.98,Approved
P00012,C0026,Health,86522.67,86962.02,Pending
P00013,C0092,Motor,61315.5,7891.29,Rejected
P00014,C0178,Health,116912.84,42539.13,Rejected
P00015,C0012,Life,105994.83,29906.04,Approved
P00016,C0015,Life,49221.16,66408.89,Rejected
P00017,C0078,Motor,88464.41,99877.53,Pending
P00018,C0027,Life,86764.83,69529.23,Pending
P00019,C0232,Motor,106980.71,19572.28,Rejected
P00020,C0161,Travel,62191.45,43213.19,No Claim
P00021,C0058,Health,21533.2,86692.11,Pending
P00022,C0201,Health,41959.31,43027.48,Approved
P00023,C0151,Travel,15199.58,89464.75,Approved
P00024,C0145,Health,96948.2,85726.0,Pending
P00025,C0058,Health,116640.86,11055.51,Approved
P00026,C0099,Health,75432.65,53853.3,Pending
P00027,C0127,Health,26372.13,14381.87,Rejected
P00028,C0135,Health,93926.25,7447.6,Pending
P00029,C0200,Motor,28780.87,38868.95,No Claim
P00030,C0173,Life,68672.85,65036.47,Approved
P00031,C0113,Travel,59714.73,45729.9,No Claim
P00032,C0126,Motor,90432.34,22061.06,No Claim
P00033,C0200,Life,85720.16,60910.8,Approved
P00034,C0023,Motor,140863.67,65409.49,Approved
P00035,C0130,Health,6613.7,78799.32,No Claim
P00036,C0007,Life,134120.2,71352.0,Pending
P00037,C0186,Health,102017.63,7855.08,No Claim
P00038,C0155,Life,31577.9,1221.56,Rejected
P00039,C0111,Motor,68878.13,78822.22,Approved
P00040,C0025,Motor,34656.24,50969.13,Pending
P00041,C0159,Travel,8813.11,63138.74,Pending
P00042,C0197,Motor,137906.4,94927.58,Pending
P00043,C0028,Life,147332.14,97059.77,No Claim
P00044,C0007,Travel,100400.73,24187.32,Approved
P00045,C0165,Life,63046.28,49556.81,Rejected
P00046,C0202,Motor,135099.7,91747.45,Approved
P00047,C0005,Life,109656.2,28969.42,Approved
P00048,C0091,Life,33944.81,27779.23,Approved
P00049,C0225,Health,91250.06,19664.8,Pending
P00050,C0062,Health,36903.13,92509.11,Pending
P00051,C0193,Travel,69971.89,23231.52,Pending
P00052,C0100,Motor,106238.73,46308.69,Approved
P00053,C0046,Motor,54228.63,52211.01,Pending
P00054,C0065,Life,90498.78,96833.79,No Claim
P00055,C0239,Travel,83434.11,20887.82,Pending
P00056,C0045,Motor,24610.4,19900.86,Pending
P00057,C0192,Health,20873.98,59514.19,No Claim
P00058,C0072,Health,113041.12,73327.44,Pending
P00059,C0144,Life,97291.23,22429.76,Rejected
P00060,C0211,Life,36947.3,20079.34,Approved
P00061,C0221,Health,137402.18,70722.09,Pending
P00062,C0157,Motor,6364.24,91984.26,Rejected
P00063,C0226,Motor,18487.42,18794.45,Pending
P00064,C0156,Life,9082.28,35188.15,Pending
P00065,C0156,Motor,55021.89,27793.82,Pending
P00066,C0184,Motor,14724.56,61064.23,Approved
P00067,C0164,Motor,26342.02,14686.1,Rejected
P00068,C0147,Life,38590.31,18771.56,Rejected
P00069,C0088,Health,108740.51,85583.97,Pending
P00070,C0092,Motor,144294.51,7575.21,Approved
P00071,C0178,Health,122600.8,41087.94,Rejected
P00072,C0219,Life,30812.51,70827.84,Pending
P00073,C0167,Health,42773.01,2703.33,Approved
P00074,C0124,Travel,130012.17,99142.52,Pending
P00075,C0135,Health,24427.74,2546.65,Pending
P00076,C0227,Life,106326.72,19310.8,No Claim
P00077,C0066,Life,148436.08,86523.25,Approved
P00078,C0152,Travel,126552.9,71702.8,Approved
P00079,C0195,Travel,41890.07,81283.09,Approved
P00080,C0041,Travel,65132.3,18222.78,Rejected
P00081,C0078,Motor,58104.49,47795.17,Rejected
P00082,C0115,Motor,142680.12,91644.63,Rejected
P00083,C0034,Health,59951.55,51033.58,Rejected
P00084,C0164,Motor,117506.12,45002.56,Pending
P00085,C0073,Travel,118209.03,66716.92,No Claim
P00086,C0122,Life,87213.65,44869.79,Approved
P00087,C0063,Life,6267.03,39254.76,No Claim
P00088,C0167,Motor,60998.38,38374.08,Rejected
P00089,C0086,Life,126669.82,521.03,Approved
P00090,C0119,Travel,58944.97,30837.03,No Claim
P00091,C0142,Health,145019.82,34904.6,Pending
P00092,C0098,Travel,134381.75,67501.87,Approved
P00093,C0075,Life,79745.2,78901.42,Pending
P00094,C0238,Travel,25171.82,11272.23,Rejected
P00095,C0168,Life,140977.99,70050.88,Pending
P00096,C0143,Motor,146266.34,50044.24,No Claim
P00097,C0091,Health,138224.28,23710.85,Pending
P00098,C0091,Health,41112.13,16806.65,No Claim
P00099,C0058,Motor,113100.83,52048.9,Approved
P00100,C0087,Life,108510.87,61818.19,No Claim
P00101,C0192,Motor,8270.55,45424.09,No Claim
P00102,C0166,Life,69885.99,74584.0,Pending
P00103,C0130,Travel,117000.07,81333.55,Approved
P00104,C0063,Motor,140227.76,70161.26,Rejected
P00105,C0230,Health,138040.15,31043.81,Pending
P00106,C0121,Life,18800.76,58771.14,Approved
P00107,C0195,Life,11214.77,98676.85,Approved
P00108,C0169,Motor,52349.29,93658.31,No Claim
P00109,C0226,Motor,137950.81,76465.22,No Claim
P00110,C0073,Motor,112053.32,18096.26,No Claim
P00111,C0087,Life,24046.63,31510.12,No Claim
P00112,C0149,Travel,70319.44,63743.06,Approved
P00113,C0152,Travel,24726.19,75705.62,Pending
P00114,C0232,Travel,28453.13,38046.27,No Claim
P00115,C0160,Motor,37610.55,71089.34,Rejected
P00116,C0145,Travel,12161.42,84563.8,Rejected
P00117,C0184,Travel,66142.43,85499.58,Pending
P00118,C0093,Life,132998.02,44650.01,No Claim
P00119,C0017,Life,35227.49,57453.24,Approved
P00120,C0226,Travel,57339.78,59035.51,Pending
P00121,C0143,Motor,106444.68,85721.41,No Claim
P00122,C0016,Travel,83491.33,39292.74,No Claim
P00123,C0206,Motor,78051.58,81801.36,Pending
P00124,C0106,Life,15094.85,19041.44,No Claim
P00125,C0181,Health,29144.11,24726.57,Approved
P00126,C0039,Travel,123877.38,30897.26,Rejected
P00127,C0089,Motor,8717.4,45034.14,No Claim
P00128,C0048,Health,6925.54,84292.08,Approved
P00129,C0092,Travel,119441.36,4886.15,Pending
P00130,C0233,Motor,67821.76,17261.32,Approved
P00131,C0192,Motor,127155.88,63712.4,Approved
P00132,C0136,Life,85178.85,51039.83,Approved
P00133,C0224,Travel,36582.37,53774.1,Rejected
P00134,C0191,Health,130090.85,51035.47,Approved
P00135,C0075,Life,63908.94,89273.73,Pending
P00136,C0029,Health,13932.83,93949.73,Rejected
P00137,C0103,Health,34107.81,30674.94,Pending
P00138,C0228,Health,78354.12,41372.87,Pending
P00139,C0013,Health,96224.75,3059.72,Rejected
P00140,C0220,Life,132366.01,8498.96,Rejected
P00141,C0191,Life,13624.71,33705.59,No Claim
P00142,C0021,Health,37210.25,31653.12,Pending
P00143,C0124,Motor,38552.11,91319.61,Rejected
P00144,C0175,Travel,11001.53,10759.85,Rejected
P00145,C0220,Motor,69850.96,20888.14,Rejected
P00146,C0028,Travel,148366.56,45324.34,Rejected
P00147,C0211,Travel,14264.79,52753.83,Pending
P00148,C0218,Motor,103370.09,18826.69,Rejected
P00149,C0187,Motor,114222.14,93925.59,Approved
P00150,C0122,Motor,130810.6,20114.84,Pending
P00151,C0025,Health,36116.92,81845.33,No Claim
P00152,C0203,Motor,81620.72,61545.11,Approved
P00153,C0010,Health,94165.62,52737.16,Rejected
P00154,C0137,Motor,10308.17,75550.7,Approved
P00155,C0118,Life,77510.62,41325.01,Approved
P00156,C0190,Health,85856.87,30318.32,Pending
P00157,C0217,Travel,37806.27,5467.98,Rejected
P00158,C0217,Health,99727.63,39042.01,Approved
P00159,C0015,Health,30781.7,81275.75,Approved
P00160,C0024,Life,87062.22,35170.42,Pending
P00161,C0137,Life,81541.22,38976.13,Rejected
P00162,C0009,Health,145646.43,42098.32,Approved
P00163,C0150,Travel,49223.64,80553.82,Rejected
P00164,C0201,Health,67291.0,20011.31,Pending
P00165,C0018,Motor,125164.42,83483.27,No Claim
P00166,C0210,Health,74626.09,76316.93,Rejected
P00167,C0054,Travel,43832.26,56499.62,No Claim
P00168,C0178,Motor,104354.8,29127.38,No Claim
P00169,C0073,Travel,143299.67,68546.16,Pending
P00170,C0069,Motor,144515.81,55823.83,Pending
P00171,C0141,Travel,105816.05,54726.92,No Claim
P00172,C0161,Life,33188.27,92687.83,No Claim
P00173,C0129,Life,124839.45,27891.05,Approved
P00174,C0229,Health,26433.73,25002.43,Rejected
P00175,C0197,Motor,36005.2,80202.72,No Claim
P00176,C0081,Life,14899.55,59949.87,Approved
P00177,C0199,Life,9421.42,52388.17,Pending
P00178,C0079,Travel,147986.11,81030.83,Approved
P00179,C0118,Travel,24161.54,49628.81,Pending
P00180,C0020,Travel,23567.5,79227.2,Pending
P00181,C0130,Motor,77568.93,6454.91,Approved
P00182,C0018,Health,46435.16,381.62,No Claim
P00183,C0166,Travel,122263.74,79211.61,No Claim
P00184,C0181,Health,131955.28,70043.64,Rejected
P00185,C0214,Travel,73135.34,2643.35,Approved
P00186,C0116,Motor,55423.89,14869.39,No Claim
P00187,C0210,Health,67325.52,46509.81,Rejected
P00188,C0046,Travel,14277.98,18611.28,Rejected
P00189,C0194,Life,43809.23,43970.55,Rejected
P00190,C0235,Life,94826.31,70021.61,Rejected
P00191,C0095,Travel,145598.17,8874.11,No Claim
P00192,C0133,Life,128404.23,56922.57,Approved
P00193,C0116,Health,28038.55,34357.34,No Claim
P00194,C0154,Health,94554.74,60149.79,No Claim
P00195,C0037,Health,64376.47,93443.3,Rejected
P00196,C0183,Life,44133.01,2399.92,Approved
P00197,C0046,Health,57757.56,79239.96,No Claim
P00198,C0050,Health,86347.71,84511.17,No Claim
P00199,C0056,Health,144307.48,23987.09,Pending
P00200,C0026,Motor,48694.85,72873.73,Rejected
P00201,C0147,Motor,143013.51,25089.8,Rejected
P00202,C0108,Life,131676.38,14434.55,Approved
P00203,C0144,Motor,16498.25,6769.52,Rejected
P00204,C0175,Life,10516.83,94969.76,Rejected
P00205,C0211,Life,11252.23,22144.59,Pending
P00206,C0024,Travel,137052.48,96582.24,Pending
P00207,C0227,Life,11070.53,68923.32,Approved
P00208,C0096,Motor,146419.78,86728.87,No Claim
P00209,C0235,Health,116681.51,80103.7,Pending
P00210,C0001,Life,18466.77,47962.56,Approved
P00211,C0187,Life,131516.52,65295.01,Pending
P00212,C0153,Life,142489.05,58322.05,Approved
P00213,C0046,Life,62452.55,68288.74,Rejected
P00214,C0143,Motor,129353.15,21086.34,Rejected
P00215,C0066,Health,144670.05,48797.64,Rejected
P00216,C0156,Health,26226.79,94158.03,Rejected
P00217,C0218,Motor,23260.23,94971.82,Pending
P00218,C0219,Life,102584.76,85885.71,Rejected
P00219,C0221,Health,108882.32,92096.81,Pending
P00220,C0235,Motor,136405.99,31411.59,Pending
P00221,C0141,Life,33989.47,25165.84,Rejected
P00222,C0210,Motor,129491.88,86132.23,Approved
P00223,C0114,Travel,128595.98,38098.28,Rejected
P00224,C0168,Health,126338.62,28439.03,No Claim
P00225,C0159,Travel,14789.59,37604.25,Approved
P00226,C0167,Health,50529.18,23162.37,Pending
P00227,C0141,Motor,74849.08,21984.02,Pending
P00228,C0179,Travel,142221.15,83895.62,No Claim
P00229,C0087,Health,111216.23,34424.17,No Claim
P00230,C0126,Travel,52339.66,90868.23,Approved
P00231,C0094,Health,42084.0,27737.08,No Claim
P00232,C0118,Motor,128456.49,44952.78,Rejected
P00233,C0134,Travel,69034.99,61637.61,Approved
P00234,C0159,Health,36946.89,8572.52,No Claim
P00235,C0228,Health,131091.97,16089.32,Pending
P00236,C0059,Health,24948.07,10168.15,Rejected
P00237,C0057,Travel,35866.72,34627.53,Rejected
P00238,C0209,Health,22516.7,28271.24,Approved
P00239,C0022,Health,86736.92,63671.63,No Claim
P00240,C0226,Health,13877.7,95925.31,Rejected
P00241,C0043,Travel,85116.86,93733.88,Approved
P00242,C0131,Travel,16496.8,3886.77,No Claim
P00243,C0167,Travel,123119.91,99059.89,No Claim
P00244,C0184,Health,5939.93,74784.57,Pending
P00245,C0158,Health,146606.25,34889.06,Rejected
P00246,C0176,Travel,101011.77,56255.33,Pending
P00247,C0117,Health,114137.62,88775.78,Rejected
P00248,C0212,Life,6419.37,78591.9,No Claim
P00249,C0233,Motor,50323.2,847.44,Rejected
P00250,C0157,Health,76459.4,30401.64,Approved
P00251,C0026,Travel,109022.82,82584.07,No Claim
P00252,C0036,Life,92423.35,41774.91,Approved
P00253,C0019,Life,53986.23,60517.45,No Claim
P00254,C0121,Health,144720.59,85688.85,Approved
P00255,C0102,Motor,72302.64,37085.96,No Claim
P00256,C0107,Life,95822.9,65307.03,Rejected
P00257,C0101,Life,46827.0,49738.61,Rejected
P00258,C0180,Health,107744.69,82315.63,Approved
P00259,C0021,Travel,120357.32,48075.42,Pending
P00260,C0145,Health,46842.26,63022.27,Rejected
P00261,C0020,Life,101025.24,87617.47,Pending
P00262,C0169,Motor,133425.91,92057.17,Approved
P00263,C0195,Travel,16767.26,61403.13,Approved
P00264,C0223,Motor,91319.88,5296.1,No Claim
P00265,C0116,Health,115122.29,16224.0,Approved
P00266,C0118,Travel,147123.64,84053.16,No Claim
P00267,C0140,Motor,102209.6,87964.5,No Claim
P00268,C0041,Motor,111121.11,3425.55,No Claim
P00269,C0025,Health,136620.54,26073.74,Approved
P00270,C0024,Health,42352.7,51748.59,No Claim
P00271,C0182,Life,30444.02,57991.86,Approved
P00272,C0148,Health,90423.77,36088.77,No Claim
P00273,C0006,Health,36435.18,51456.37,No Claim
P00274,C0210,Health,14888.53,38727.96,Rejected
P00275,C0215,Motor,110047.23,66250.93,Approved
P00276,C0127,Motor,127721.57,61241.29,Rejected
P00277,C0101,Life,149324.18,36923.93,No Claim
P00278,C0059,Travel,60715.42,85830.31,Rejected
P00279,C0169,Life,42604.06,27469.46,No Claim
P00280,C0061,Motor,59149.3,88827.88,No Claim
P00281,C0133,Motor,6532.44,28513.19,Approved
P00282,C0174,Health,136756.47,58866.77,Approved
P00283,C0198,Travel,125889.24,16094.19,No Claim
P00284,C0106,Life,127905.24,53922.44,Approved
P00285,C0080,Health,117672.2,92799.0,Approved
P00286,C0015,Health,74689.25,31589.41,Rejected
P00287,C0109,Travel,52275.67,67653.62,Approved
P00288,C0160,Travel,44528.95,45353.09,Pending
P00289,C0111,Travel,132414.6,56299.78,Approved
P00290,C0208,Motor,128483.8,84650.01,Rejected
P00291,C0024,Motor,25325.12,3916.55,Approved
P00292,C0039,Motor,121007.27,18736.87,Rejected
P00293,C0095,Travel,53869.8,79516.39,Pending
P00294,C0188,Life,107595.86,89845.81,Approved
P00295,C0199,Health,56072.86,81969.33,No Claim
P00296,C0199,Life,73483.25,10868.05,Pending
P00297,C0026,Travel,88081.02,81369.15,Approved
P00298,C0087,Life,117404.44,93869.6,Rejected
P00299,C0127,Life,26045.6,70012.16,Rejected
P00300,C0114,Motor,116491.57,53059.2,Pending
P00301,C0118,Motor,126978.4,15489.56,No Claim
P00302,C0023,Health,102534.37,36935.64,No Claim
P00303,C0181,Health,131881.6,74624.62,Rejected
P00304,C0086,Life,61432.68,98455.74,No Claim
P00305,C0179,Travel,52628.04,44696.06,No Claim
P00306,C0232,Life,103906.4,3555.83,No Claim
P00307,C0058,Life,11290.2,10735.67,Pending
P00308,C0056,Health,133791.82,64587.71,Rejected
P00309,C0188,Life,149925.57,59214.6,No Claim
P00310,C0193,Life,101326.02,4937.65,Approved
P00311,C0186,Life,64075.51,61112.21,No Claim
P00312,C0059,Travel,39575.54,96952.62,No Claim
P00313,C0182,Travel,17745.82,43126.18,Pending
P00314,C0107,Travel,106512.39,89653.08,No Claim
P00315,C0033,Travel,70258.95,49266.63,Approved
P00316,C0200,Motor,84547.94,16149.74,Approved
P00317,C0074,Motor,26055.24,96262.06,Rejected
P00318,C0064,Life,140592.19,39859.88,Approved
P00319,C0049,Health,37500.47,16915.34,Rejected
P00320,C0128,Motor,114410.98,89738.27,Rejected
P00321,C0193,Health,125292.83,16744.17,No Claim
P00322,C0192,Health,58382.5,25597.46,No Claim
P00323,C0091,Motor,149890.32,96388.53,Pending
P00324,C0135,Life,40505.64,78466.82,No Claim
P00325,C0001,Motor,17699.0,73045.14,No Claim
P00326,C0078,Travel,54934.41,40231.02,Rejected
P00327,C0149,Motor,130376.6,85219.37,Approved
P00328,C0057,Life,122824.0,67723.65,Pending
P00329,C0222,Health,64337.46,8104.11,No Claim
P00330,C0077,Health,34865.16,11839.59,No Claim
P00331,C0100,Travel,144185.38,91675.51,No Claim
P00332,C0185,Motor,102523.69,89298.37,Pending
P00333,C0181,Motor,64455.18,24313.87,Pending
P00334,C0236,Motor,5985.71,37230.53,No Claim
P00335,C0072,Travel,127535.57,46630.63,Approved
P00336,C0085,Life,78916.47,70588.06,Pending
P00337,C0231,Motor,30725.26,58315.95,No Claim
P00338,C0214,Health,121145.17,31232.06,No Claim
P00339,C0034,Travel,20131.11,69026.36,No Claim
P00340,C0103,Life,93495.6,4444.72,Pending
P00341,C0053,Life,44301.45,49095.32,Approved
P00342,C0027,Health,137818.04,42778.46,Rejected
P00343,C0179,Motor,137307.62,13595.38,No Claim
P00344,C0013,Life,121850.32,85583.88,Pending
P00345,C0031,Motor,144348.48,82734.09,No Claim
P00346,C0062,Motor,35260.39,56132.45,Pending
P00347,C0118,Health,146402.76,71935.88,Pending
P00348,C0176,Travel,8447.98,51440.16,Pending
P00349,C0158,Motor,48228.13,84885.06,No Claim
P00350,C0126,Life,142984.51,11415.48,Pending
P00351,C0072,Motor,140488.48,46036.08,Rejected
P00352,C0122,Motor,65617.75,42313.68,Rejected
P00353,C0088,Health,114296.69,65757.69,Pending
P00354,C0166,Life,46788.31,87297.19,No Claim
P00355,C0161,Life,130663.63,64633.56,Rejected
P00356,C0039,Motor,61808.35,46785.42,No Claim
P00357,C0196,Travel,16162.81,62992.41,Pending
P00358,C0218,Life,30134.2,12150.43,Rejected
P00359,C0051,Motor,117717.15,69032.51,No Claim
