client_id,client_name,city,service_type
C0001,Beta,Pune,Express
C0002,Omega,Pune,Economy
C0003,Alpha,Kolkata,Economy
C0004,Alpha,Pune,Economy
C0005,Omega,Patna,Standard
C0006,Delta,Mumbai,Express
C0007,Delta,Patna,Economy
C0008,Beta,Delhi,Express
C0009,Alpha,Delhi,Standard
C0010,Omega,Delhi,Standard
C0011,Beta,Patna,Standard
C0012,Omega,Kolkata,Standard
C0013,Gamma,Mumbai,Standard
C0014,Beta,Patna,Express
C0015,Beta,Pune,Express
C0016,Delta,Patna,Standard
C0017,Alpha,Kolkata,Standard
C0018,Omega,Kolkata,Standard
C0019,Beta,Kolkata,Standard
C0020,Delta,Pune,Economy
C0021,Delta,Delhi,Express
C0022,Alpha,Kolkata,Standard
C0023,Alpha,Patna,Standard
C0024,Delta,Delhi,Standard
C0025,Gamma,Delhi,Express
C0026,Alpha,Kolkata,Standard
C0027,Omega,Kolkata,Standard
C0028,Omega,Kolkata,Express
C0029,Alpha,Kolkata,Express
C0030,Delta,Pune,Economy
C0031,Gamma,Mumbai,Economy
C0032,Gamma,Mumbai,Standard
C0033,Omega,Patna,Economy
C0034,Gamma,Patna,Economy
C0035,Omega,Pune,Economy
C0036,Delta,Patna,Economy
C0037,Alpha,Kolkata,Standard
C0038,Omega,Patna,Economy
C0039,Delta,Patna,Express
C0040,Omega,Delhi,Express
C0041,Alpha,Delhi,Economy
C0042,Beta,Delhi,Express
C0043,Gamma,Delhi,Standard
C0044,Gamma,Patna,Standard
C0045,Delta,Delhi,Standard
C0046,Gamma,Mumbai,Express
C0047,Beta,Delhi,Standard
C0048,Delta,Patna,Standard
C0049,Omega,Pune,Express
C0050,Alpha,Kolkata,Express
C0051,Alpha,Patna,Economy
C0052,Omega,Kolkata,Express
C0053,Beta,Mumbai,Standard
C0054,Delta,Mumbai,Standard
C0055,Alpha,Mumbai,Economy
C0056,Beta,Delhi,Express
C0057,Delta,Kolkata,Economy
C0058,Omega,Delhi,Express
C0059,Delta,Kolkata,Economy
C0060,Omega,Patna,Standard
C0061,Omega,Kolkata,Standard
C0062,Gamma,Kolkata,Express
C0063,Beta,Kolkata,Express
C0064,Omega,Pune,Express
C0065,Beta,Kolkata,Economy
C0066,Delta,Delhi,Express
C0067,Delta,Delhi,Express
C0068,Gamma,Kolkata,Economy
C0069,Omega,Kolkata,Express
C0070,Beta,Mumbai,Economy
C0071,Delta,Pune,Economy
C0072,Delta,Pune,Economy
C0073,Alpha,Pune,Express
C0074,Alpha,Patna,Economy
C0075,Gamma,Pune,Economy
C0076,Beta,Delhi,Economy
C0077,Beta,Mumbai,Express
C0078,Omega,Pune,Standard
C0079,Omega,Patna,Economy
C0080,Beta,Pune,Standard
C0081,Beta,Pune,Express
C0082,Omega,Delhi,Standard
C0083,Omega,Mumbai,Express
C0084,Gamma,Mumbai,Standard
C0085,Delta,Patna,Economy
C0086,Omega,Mumbai,Economy
C0087,Delta,Pune,Standard
C0088,Gamma,Patna,Economy
C0089,Alpha,Patna,Economy
C0090,Alpha,Kolkata,Express
C0091,Beta,Patna,Economy
C0092,Omega,Mumbai,Express
C0093,Beta,Delhi,Economy
C0094,Omega,Kolkata,Express
C0095,Alpha,Pune,Standard
C0096,Beta,Kolkata,Standard
C0097,Alpha,Kolkata,Economy
C0098,Alpha,Pune,Standard
C0099,Omega,Kolkata,Standard
C0100,Gamma,Pune,Standard
C0101,Alpha,Patna,Standard
C0102,Omega,Kolkata,Economy
C0103,Omega,Mumbai,Express
C0104,Beta,Delhi,Economy
C0105,Delta,Mumbai,Standard
C0106,Delta,Mumbai,Economy
C0107,Delta,Mumbai,Express
C0108,Delta,Pune,Economy
C0109,Alpha,Mumbai,Economy
C0110,Gamma,Pune,Standard
C0111,Delta,Mumbai,Economy
C0112,Gamma,Patna,Express
C0113,Omega,Mumbai,Economy
C0114,Gamma,Kolkata,Economy
C0115,Omega,Mumbai,Express
C0116,Beta,Kolkata,Economy
C0117,Alpha,Delhi,Standard
C0118,Delta,Pune,Express
C0119,Alpha,Pune,Express
C0120,Alpha,Patna,Economy
C0121,Beta,Pune,Economy
C0122,Beta,Patna,Standard
C0123,Gamma,Kolkata,Standard
C0124,Gamma,Kolkata,Standard
C0125,Delta,Mumbai,Express
C0126,Omega,Pune,Express
C0127,Delta,Delhi,Economy
C0128,Alpha,Patna,Express
C0129,Gamma,Delhi,Express
C0130,Gamma,Mumbai,Express
C0131,Beta,Pune,Express
C0132,Delta,Patna,Economy
C0133,Gamma,Mumbai,Economy
C0134,Omega,Delhi,Standard
C0135,Gamma,Patna,Express
C0136,Alpha,Patna,Economy
C0137,Beta,Kolkata,Standard
C0138,Beta,Pune,Express
C0139,Gamma,Pune,Standard
C0140,Delta,Delhi,Express
C0141,Delta,Mumbai,Economy
C0142,Alpha,Pune,Express
C0143,Beta,Patna,Economy
C0144,Alpha,Pune,Economy
C0145,Beta,Kolkata,Economy
C0146,Alpha,Mumbai,Economy
C0147,Beta,Delhi,Economy
C0148,Beta,Mumbai,Express
C0149,Beta,Pune,Economy
C0150,Omega,Mumbai,Express
C0151,Omega,Mumbai,Economy
C0152,Beta,Patna,Express
C0153,Beta,Patna,Economy
C0154,Beta,Kolkata,Standard
C0155,Beta,Kolkata,Standard
C0156,Delta,Patna,Express
C0157,Gamma,Mumbai,Standard
C0158,Delta,Delhi,Standard
C0159,Gamma,Kolkata,Economy
C0160,Alpha,Pune,Standard
C0161,Gamma,Patna,Express
C0162,Alpha,Patna,Economy
C0163,Beta,Kolkata,Economy
C0164,Alpha,Patna,Express
C0165,Beta,Patna,Economy
C0166,Gamma,Kolkata,Express
C0167,Gamma,Pune,Economy
C0168,Gamma,Delhi,Express
C0169,Gamma,Pune,Economy
C0170,Delta,Kolkata,Economy
C0171,Alpha,Mumbai,Economy
C0172,Gamma,Mumbai,Express
C0173,Alpha,Pune,Express
C0174,Delta,Patna,Express
C0175,Delta,Pune,Standard
C0176,Alpha,Kolkata,Express
C0177,Omega,Kolkata,Express
C0178,Alpha,Patna,Standard
C0179,Delta,Mumbai,Express
C0180,Omega,Kolkata,Standard
C0181,Beta,Patna,Express
C0182,Delta,Patna,Express
C0183,Alpha,Pune,Standard
C0184,Gamma,Patna,Standard
C0185,Omega,Patna,Standard
C0186,Delta,Mumbai,Express
C0187,Beta,Pune,Standard
C0188,Gamma,Delhi,Standard
C0189,Delta,Mumbai,Economy
C0190,Gamma,Kolkata,Express
C0191,Gamma,Patna,Economy
C0192,Omega,Mumbai,Express
C0193,Gamma,Kolkata,Standard
C0194,Gamma,Patna,Express
C0195,Alpha,Delhi,Standard
C0196,Alpha,Patna,Economy
C0197,Delta,Mumbai,Standard
C0198,Omega,Delhi,Economy
C0199,Omega,Kolkata,Express
