shipment_id,client_id,carrier,package_type,weight_kg,shipping_cost,delivery_days
SH00001,C0075,DTDC,Large,9.77,5426.82,5.3
SH00002,C0107,BlueDart,Large,3.17,191.67,8.8
SH00003,C0124,EcomExpress,Medium,8.63,2801.75,3.1
SH00004,C0104,Delhivery,Small,33.14,2135.83,6.6
SH00005,C0047,Delhivery,Medium,30.94,194.35,6.2
SH00006,C0003,Delhivery,Small,15.34,2334.99,6.4
SH00007,C0018,EcomExpress,Large,10.35,3134.42,8.3
SH00008,C0045,BlueDart,Medium,14.63,3084.95,8.7
SH00009,C0100,DTDC,Small,7.91,5070.52,7.8
SH00010,C0030,DTDC,Large,24.87,5440.05,9.2
SH00011,C0121,Delhivery,Large,4.25,316.54,5.0
SH00012,C0001,EcomExpress,Small,20.86,3986.71,4.5
SH00013,C0185,BlueDart,Medium,7.1,3869.95,6.2
SH00014,C0034,BlueDart,Small,33.98,2965.02,9.7
SH00015,C0021,EcomExpress,Small,12.9,4768.15,3.7
SH00016,C0076,EcomExpress,Large,16.53,3209.15,9.2
SH00017,C0022,EcomExpress,Small,10.93,2552.58,9.7
SH00018,C0008,Delhivery,Large,0.5,398.02,8.8
SH00019,C0077,BlueDart,Medium,38.98,1688.84,7.3
SH00020,C0036,BlueDart,Large,4.23,4997.44,2.1
SH00021,C0051,Delhivery,Small,23.65,2148.6,6.2
SH00022,C0111,DTDC,Small,11.89,1622.95,9.0
SH00023,C0021,EcomExpress,Large,1.7,4544.0,7.5
SH00024,C0087,EcomExpress,Medium,38.11,386.42,6.6
SH00025,C0190,BlueDart,Small,32.75,5342.43,9.5
SH00026,C0048,BlueDart,Medium,9.29,1777.24,6.1
SH00027,C0157,BlueDart,Large,10.84,1365.06,1.7
SH00028,C0141,Delhivery,Small,29.74,5958.29,2.2
SH00029,C0197,Delhivery,Medium,34.52,3879.59,1.3
SH00030,C0019,DTDC,Large,39.34,1185.99,8.6
SH00031,C0113,Delhivery,Medium,22.3,3455.72,1.5
SH00032,C0116,BlueDart,Small,23.3,2549.16,4.2
SH00033,C0104,EcomExpress,Small,3.75,5528.97,6.8
SH00034,C0145,EcomExpress,Medium,6.69,4761.36,3.3
SH00035,C0160,Delhivery,Medium,8.89,4427.45,5.5
SH00036,C0080,DTDC,Medium,17.81,2529.55,3.1
SH00037,C0037,DTDC,Medium,31.95,232.29,2.3
SH00038,C0177,DTDC,Small,0.72,846.5,3.2
SH00039,C0004,EcomExpress,Small,2.85,1876.83,5.8
SH00040,C0190,DTDC,Large,33.81,2653.37,1.1
SH00041,C0027,EcomExpress,Large,15.88,1149.18,9.4
SH00042,C0189,DTDC,Medium,4.42,3960.84,5.0
SH00043,C0119,DTDC,Medium,38.91,3964.69,1.6
SH00044,C0192,EcomExpress,Large,38.82,1495.18,8.3
SH00045,C0161,DTDC,Medium,17.99,458.11,2.2
SH00046,C0113,DTDC,Large,3.87,251.57,6.1
SH00047,C0190,EcomExpress,Large,2.33,2555.84,7.4
SH00048,C0097,Delhivery,Small,28.1,2701.39,1.1
SH00049,C0109,EcomExpress,Small,38.66,2861.61,8.8
SH00050,C0038,Delhivery,Large,2.46,630.87,2.9
SH00051,C0119,Delhivery,Large,15.39,5976.04,5.3
SH00052,C0095,DTDC,Large,37.99,706.48,4.2
SH00053,C0165,Delhivery,Small,24.7,2287.37,6.9
SH00054,C0031,DTDC,Medium,12.94,4879.95,8.5
SH00055,C0016,BlueDart,Medium,6.2,4669.61,1.1
SH00056,C0034,DTDC,Large,19.23,3099.23,8.1
SH00057,C0156,Delhivery,Large,24.18,2086.04,4.6
SH00058,C0173,BlueDart,Small,38.69,3231.45,2.2
SH00059,C0100,Delhivery,Medium,13.74,1731.01,4.5
SH00060,C0033,BlueDart,Medium,34.22,1876.75,1.8
SH00061,C0187,BlueDart,Medium,7.41,802.12,9.7
SH00062,C0185,BlueDart,Medium,16.1,691.95,7.5
SH00063,C0035,EcomExpress,Medium,21.94,4638.4,4.2
SH00064,C0171,DTDC,Medium,28.86,2946.82,7.5
SH00065,C0110,Delhivery,Small,33.92,4838.95,2.5
SH00066,C0022,EcomExpress,Medium,36.76,2758.31,3.1
SH00067,C0124,EcomExpress,Small,17.36,3798.43,9.3
SH00068,C0060,EcomExpress,Medium,1.4,5782.15,8.1
SH00069,C0073,Delhivery,Small,4.23,2313.48,6.6
SH00070,C0078,Delhivery,Small,16.19,790.52,9.3
SH00071,C0194,DTDC,Large,14.64,5501.35,5.7
SH00072,C0068,BlueDart,Medium,12.13,5655.82,6.6
SH00073,C0093,Delhivery,Small,16.4,2872.67,5.2
SH00074,C0169,Delhivery,Large,25.53,5112.31,1.7
SH00075,C0020,DTDC,Large,35.62,3765.79,3.1
SH00076,C0048,EcomExpress,Small,36.51,822.13,4.9
SH00077,C0099,Delhivery,Small,22.66,3240.71,6.7
SH00078,C0114,EcomExpress,Large,22.05,3639.21,1.4
SH00079,C0149,BlueDart,Medium,9.41,4597.66,2.8
SH00080,C0016,BlueDart,Small,17.72,1270.88,1.8
SH00081,C0100,Delhivery,Large,9.83,2762.16,4.4
SH00082,C0071,DTDC,Small,23.24,2854.53,6.6
SH00083,C0139,BlueDart,Large,3.95,4442.13,1.1
SH00084,C0176,DTDC,Large,22.73,1783.39,5.7
SH00085,C0192,Delhivery,Large,22.43,1736.23,7.1
SH00086,C0050,EcomExpress,Large,12.5,2379.47,1.9
SH00087,C0100,DTDC,Medium,36.56,5382.91,5.9
SH00088,C0118,BlueDart,Large,35.32,5344.81,6.5
SH00089,C0151,BlueDart,Large,21.5,3819.05,3.7
SH00090,C0101,Delhivery,Large,38.04,5909.56,9.1
SH00091,C0191,DTDC,Large,33.64,3734.05,4.3
SH00092,C0023,Delhivery,Large,32.61,5396.45,2.4
SH00093,C0016,Delhivery,Large,12.27,3879.79,9.7
SH00094,C0181,Delhivery,Medium,3.14,2228.56,9.6
SH00095,C0153,EcomExpress,Small,4.65,728.46,8.0
SH00096,C0079,BlueDart,Small,37.39,4594.75,2.7
SH00097,C0094,Delhivery,Medium,36.22,5749.32,1.2
SH00098,C0018,BlueDart,Medium,15.86,365.11,6.3
SH00099,C0124,DTDC,Small,26.41,538.69,6.7
SH00100,C0042,BlueDart,Small,34.61,4164.79,1.2
SH00101,C0021,BlueDart,Large,22.11,3974.57,8.7
SH00102,C0072,DTDC,Small,22.11,5810.56,7.7
SH00103,C0016,BlueDart,Medium,32.46,3761.08,9.8
SH00104,C0048,BlueDart,Medium,7.52,2345.83,3.7
SH00105,C0127,DTDC,Medium,23.38,4484.79,5.0
SH00106,C0194,EcomExpress,Medium,1.47,5953.82,5.2
SH00107,C0115,Delhivery,Large,23.23,3816.88,7.1
SH00108,C0069,BlueDart,Medium,17.73,801.7,1.2
SH00109,C0121,DTDC,Small,20.42,4128.09,7.6
SH00110,C0107,BlueDart,Small,19.93,2107.05,8.4
SH00111,C0068,BlueDart,Small,16.96,1370.4,5.4
SH00112,C0039,BlueDart,Medium,13.32,3428.01,8.9
SH00113,C0098,DTDC,Small,33.04,1716.62,7.1
SH00114,C0006,Delhivery,Large,11.83,3096.47,4.0
SH00115,C0019,Delhivery,Medium,35.72,2813.07,7.8
SH00116,C0121,Delhivery,Medium,26.42,5415.22,2.4
SH00117,C0195,BlueDart,Small,29.56,4500.05,2.1
SH00118,C0052,BlueDart,Medium,22.88,736.73,4.8
SH00119,C0110,EcomExpress,Large,23.85,3397.63,7.6
SH00120,C0032,Delhivery,Small,13.53,3888.49,8.4
SH00121,C0029,BlueDart,Medium,23.49,3983.58,1.5
SH00122,C0106,EcomExpress,Small,19.57,1361.66,4.4
SH00123,C0094,BlueDart,Large,14.26,1228.79,3.2
SH00124,C0160,DTDC,Large,23.46,1127.11,3.5
SH00125,C0181,DTDC,Small,25.9,894.76,2.0
SH00126,C0154,Delhivery,Large,29.19,1473.57,8.4
SH00127,C0138,Delhivery,Medium,19.27,2517.11,1.9
SH00128,C0001,DTDC,Medium,4.27,4105.51,6.8
SH00129,C0043,EcomExpress,Medium,35.57,1730.32,6.4
SH00130,C0067,BlueDart,Small,19.95,3895.82,1.1
SH00131,C0054,BlueDart,Large,3.07,5271.92,7.3
SH00132,C0151,Delhivery,Medium,12.99,5367.01,1.7
SH00133,C0123,DTDC,Large,26.57,2115.88,1.4
SH00134,C0139,DTDC,Medium,17.18,4967.26,5.3
SH00135,C0021,DTDC,Medium,28.07,2926.02,9.9
SH00136,C0147,Delhivery,Medium,33.76,4450.44,8.6
SH00137,C0041,Delhivery,Large,39.13,1076.36,5.0
SH00138,C0064,Delhivery,Small,31.48,2524.84,9.1
SH00139,C0148,BlueDart,Large,18.45,2311.19,1.0
SH00140,C0145,EcomExpress,Medium,0.84,1108.17,10.0
SH00141,C0167,BlueDart,Medium,21.84,5421.42,3.7
SH00142,C0076,Delhivery,Small,33.97,5535.59,2.0
SH00143,C0092,EcomExpress,Medium,21.13,4905.99,8.5
SH00144,C0068,Delhivery,Small,7.96,5366.22,2.7
SH00145,C0186,BlueDart,Small,11.47,5801.56,8.5
SH00146,C0096,DTDC,Medium,4.35,1672.61,8.4
SH00147,C0102,BlueDart,Small,25.76,5100.79,3.5
SH00148,C0078,Delhivery,Large,16.42,4399.24,6.3
SH00149,C0059,DTDC,Small,8.41,3174.17,8.4
SH00150,C0129,EcomExpress,Small,28.63,3662.42,7.0
SH00151,C0173,BlueDart,Large,31.05,4931.06,6.2
SH00152,C0029,EcomExpress,Medium,27.23,5025.72,2.6
SH00153,C0141,DTDC,Medium,31.37,967.17,9.0
SH00154,C0005,BlueDart,Small,22.48,3145.88,4.7
SH00155,C0020,BlueDart,Medium,5.86,1533.87,8.6
SH00156,C0090,DTDC,Large,9.97,5049.05,9.6
SH00157,C0050,EcomExpress,Medium,35.2,5492.01,9.4
SH00158,C0120,BlueDart,Small,35.77,3339.2,7.7
SH00159,C0141,EcomExpress,Small,2.41,5580.74,9.2
SH00160,C0018,Delhivery,Medium,39.54,4617.11,9.5
SH00161,C0150,BlueDart,Medium,31.42,1247.88,9.1
SH00162,C0070,EcomExpress,Large,1.32,4356.82,2.9
SH00163,C0130,EcomExpress,Small,15.28,3250.01,7.0
SH00164,C0176,EcomExpress,Large,5.22,4228.43,1.1
SH00165,C0026,BlueDart,Medium,14.53,1420.14,3.3
SH00166,C0171,DTDC,Large,0.82,5657.47,8.1
SH00167,C0193,DTDC,Medium,21.19,2210.11,2.7
SH00168,C0195,Delhivery,Medium,23.58,3429.11,5.0
SH00169,C0042,DTDC,Small,32.2,100.2,3.0
SH00170,C0186,BlueDart,Medium,33.8,5473.8,1.4
SH00171,C0134,Delhivery,Small,21.8,4969.27,3.6
SH00172,C0198,DTDC,Small,11.8,549.59,2.8
SH00173,C0119,BlueDart,Large,13.62,3892.89,8.8
SH00174,C0109,BlueDart,Small,37.91,5396.73,5.2
SH00175,C0013,DTDC,Large,9.42,334.12,3.8
SH00176,C0170,EcomExpress,Large,27.43,2700.24,4.1
SH00177,C0025,BlueDart,Medium,32.24,996.38,2.7
SH00178,C0193,EcomExpress,Large,2.15,4806.13,3.9
SH00179,C0093,BlueDart,Large,22.02,607.15,2.7
SH00180,C0175,BlueDart,Large,1.71,345.27,5.0
SH00181,C0010,Delhivery,Large,31.6,3169.77,6.7
SH00182,C0192,Delhivery,Large,5.93,3598.42,2.8
SH00183,C0163,Delhivery,Medium,29.87,2695.91,5.0
SH00184,C0028,EcomExpress,Medium,4.99,1011.84,1.1
SH00185,C0067,DTDC,Large,19.64,5364.99,2.0
SH00186,C0048,EcomExpress,Small,23.01,715.09,6.8
SH00187,C0198,EcomExpress,Medium,30.75,1968.5,6.7
SH00188,C0036,Delhivery,Small,9.36,3581.98,6.3
SH00189,C0096,DTDC,Small,23.06,4583.45,3.9
SH00190,C0136,EcomExpress,Medium,10.2,350.07,7.6
SH00191,C0135,BlueDart,Small,7.48,2865.7,6.3
SH00192,C0131,DTDC,Small,32.06,1237.67,5.1
SH00193,C0075,BlueDart,Small,26.67,1409.44,6.2
SH00194,C0109,Delhivery,Large,30.06,4376.94,3.2
SH00195,C0192,Delhivery,Medium,11.64,2900.99,3.8
SH00196,C0188,DTDC,Small,7.76,1565.09,5.8
SH00197,C0152,DTDC,Small,0.69,4127.2,8.6
SH00198,C0046,Delhivery,Small,14.44,4061.27,4.1
SH00199,C0126,BlueDart,Large,24.95,3423.64,5.0
SH00200,C0146,Delhivery,Medium,12.41,1667.22,5.7
SH00201,C0095,Delhivery,Medium,23.5,3983.2,4.1
SH00202,C0184,EcomExpress,Medium,17.95,732.08,8.4
SH00203,C0134,EcomExpress,Medium,25.22,2991.16,8.1
SH00204,C0149,Delhivery,Large,25.91,4499.28,8.3
SH00205,C0126,Delhivery,Medium,30.53,5411.15,1.7
SH00206,C0083,BlueDart,Large,4.11,520.38,6.5
SH00207,C0077,DTDC,Large,28.61,1259.97,3.0
SH00208,C0154,BlueDart,Small,2.1,3100.03,1.2
SH00209,C0112,Delhivery,Large,14.76,2991.96,6.9
SH00210,C0086,Delhivery,Large,8.0,2023.52,9.8
SH00211,C0080,BlueDart,Large,19.49,5379.99,4.0
SH00212,C0120,Delhivery,Medium,9.75,5925.08,5.6
SH00213,C0144,BlueDart,Small,16.05,5406.57,7.6
SH00214,C0088,Delhivery,Large,33.27,5027.91,5.8
SH00215,C0039,EcomExpress,Large,5.65,2415.04,7.4
SH00216,C0057,BlueDart,Large,37.2,4350.65,2.7
SH00217,C0109,Delhivery,Small,0.28,5724.76,9.0
SH00218,C0158,BlueDart,Small,1.76,5061.11,2.4
SH00219,C0181,BlueDart,Medium,25.72,1642.32,9.3
SH00220,C0116,DTDC,Small,8.5,4163.37,7.9
SH00221,C0123,Delhivery,Large,20.24,1149.18,9.0
SH00222,C0105,Delhivery,Small,34.65,3557.81,1.5
SH00223,C0039,EcomExpress,Large,1.99,2902.42,4.0
SH00224,C0037,EcomExpress,Small,16.66,476.08,5.7
SH00225,C0165,Delhivery,Small,22.57,2167.08,7.8
SH00226,C0058,BlueDart,Medium,27.48,5541.87,7.5
SH00227,C0038,Delhivery,Small,27.23,2498.46,3.2
SH00228,C0017,BlueDart,Medium,25.7,2023.77,8.8
SH00229,C0136,Delhivery,Large,28.54,2574.9,1.3
SH00230,C0116,Delhivery,Large,18.13,4848.65,3.7
SH00231,C0074,DTDC,Large,20.44,1704.33,9.1
SH00232,C0099,Delhivery,Small,14.41,4156.77,8.4
SH00233,C0060,EcomExpress,Large,4.61,5473.55,2.5
SH00234,C0050,DTDC,Medium,39.76,1064.05,9.0
SH00235,C0040,EcomExpress,Medium,24.56,4622.33,4.5
SH00236,C0007,Delhivery,Medium,23.19,3522.49,1.2
SH00237,C0094,DTDC,Large,7.55,253.46,4.8
SH00238,C0056,DTDC,Small,8.89,549.17,9.5
SH00239,C0160,BlueDart,Medium,27.47,3371.95,9.4
SH00240,C0159,DTDC,Medium,29.79,2147.08,7.9
SH00241,C0176,EcomExpress,Medium,38.01,5923.14,3.0
SH00242,C0105,BlueDart,Medium,29.88,2120.84,2.8
SH00243,C0067,DTDC,Small,31.62,4296.55,2.3
SH00244,C0086,Delhivery,Medium,7.07,5566.71,3.3
SH00245,C0078,Delhivery,Medium,2.94,5006.98,1.5
SH00246,C0024,Delhivery,Small,27.03,3901.16,9.3
SH00247,C0040,Delhivery,Large,26.13,2030.64,7.8
SH00248,C0019,DTDC,Medium,39.02,4507.09,9.4
SH00249,C0168,Delhivery,Large,12.17,1286.85,4.6
SH00250,C0012,Delhivery,Small,36.11,2762.35,9.0
SH00251,C0068,BlueDart,Small,10.28,5161.78,9.8
SH00252,C0067,Delhivery,Small,33.83,2111.7,7.2
SH00253,C0093,BlueDart,Medium,30.84,4141.14,7.5
SH00254,C0064,DTDC,Large,19.7,1182.69,4.6
SH00255,C0196,BlueDart,Small,11.23,5557.71,9.0
SH00256,C0156,BlueDart,Large,16.55,4111.97,5.5
SH00257,C0190,BlueDart,Small,39.48,541.22,3.1
SH00258,C0041,EcomExpress,Medium,6.53,4985.19,1.4
SH00259,C0029,DTDC,Medium,13.66,723.06,4.8
SH00260,C0111,EcomExpress,Large,32.38,3366.19,2.4
SH00261,C0073,Delhivery,Medium,15.4,2289.67,4.1
SH00262,C0159,Delhivery,Medium,9.59,3942.09,7.0
SH00263,C0005,EcomExpress,Large,21.33,1694.13,8.0
SH00264,C0172,Delhivery,Large,34.99,3982.71,5.5
SH00265,C0130,DTDC,Large,27.88,2714.36,5.8
SH00266,C0140,Delhivery,Medium,21.38,2652.34,4.6
SH00267,C0056,Delhivery,Small,15.63,1293.45,3.9
SH00268,C0052,DTDC,Small,19.44,868.69,1.8
SH00269,C0154,EcomExpress,Small,6.58,4491.47,5.5
SH00270,C0021,BlueDart,Medium,25.84,4091.75,6.5
SH00271,C0134,EcomExpress,Large,13.06,3363.14,9.0
SH00272,C0120,BlueDart,Large,9.91,4685.95,8.6
SH00273,C0051,Delhivery,Large,20.2,4228.5,6.6
SH00274,C0061,Delhivery,Small,34.19,4686.72,5.1
SH00275,C0026,EcomExpress,Large,16.96,4293.14,2.5
SH00276,C0196,BlueDart,Medium,37.38,5517.41,4.7
SH00277,C0186,Delhivery,Medium,20.72,4795.05,6.6
SH00278,C0152,EcomExpress,Small,16.05,2403.86,2.5
SH00279,C0150,EcomExpress,Medium,27.59,3743.43,3.3
SH00280,C0045,EcomExpress,Medium,29.67,2402.63,7.3
SH00281,C0128,BlueDart,Medium,19.29,2680.09,9.4
SH00282,C0196,BlueDart,Medium,20.92,1602.36,6.3
SH00283,C0151,EcomExpress,Large,17.84,5747.01,4.6
SH00284,C0168,BlueDart,Medium,13.83,2799.51,3.7
SH00285,C0163,Delhivery,Medium,8.72,1811.15,6.9
SH00286,C0064,Delhivery,Medium,39.74,1877.35,1.8
SH00287,C0072,EcomExpress,Small,22.5,192.49,5.8
SH00288,C0091,Delhivery,Small,15.69,4385.31,7.8
SH00289,C0154,BlueDart,Large,11.96,381.93,3.0
SH00290,C0011,Delhivery,Large,8.22,5927.83,3.5
SH00291,C0176,EcomExpress,Medium,25.34,3021.85,1.5
SH00292,C0002,EcomExpress,Large,26.58,5298.3,6.0
SH00293,C0012,EcomExpress,Small,29.06,2757.3,8.5
SH00294,C0164,BlueDart,Small,18.83,3179.07,7.9
SH00295,C0098,DTDC,Large,15.34,5126.98,4.5
SH00296,C0055,DTDC,Large,2.36,660.16,7.2
SH00297,C0126,EcomExpress,Large,22.51,493.37,8.6
SH00298,C0104,DTDC,Large,35.28,4752.27,1.4
SH00299,C0081,BlueDart,Large,30.11,2203.54,2.4
SH00300,C0057,DTDC,Small,21.83,1871.06,5.2
SH00301,C0053,DTDC,Large,19.12,199.89,5.9
SH00302,C0020,EcomExpress,Large,21.27,2110.65,6.6
SH00303,C0089,BlueDart,Medium,19.17,3003.48,9.7
SH00304,C0011,EcomExpress,Large,27.76,500.62,5.2
SH00305,C0193,BlueDart,Large,14.08,3454.31,1.1
SH00306,C0005,BlueDart,Small,9.87,1906.58,2.8
SH00307,C0027,BlueDart,Small,7.18,4247.74,5.5
SH00308,C0030,DTDC,Medium,34.76,344.96,9.1
SH00309,C0106,Delhivery,Medium,11.35,3748.94,4.4
SH00310,C0090,EcomExpress,Small,7.46,4135.44,7.6
SH00311,C0069,DTDC,Medium,17.42,2270.27,6.4
SH00312,C0046,BlueDart,Medium,35.37,268.28,4.0
SH00313,C0084,Delhivery,Small,10.53,5067.17,3.3
SH00314,C0140,DTDC,Small,21.69,2250.17,9.1
SH00315,C0100,DTDC,Small,17.01,2703.17,7.2
SH00316,C0171,Delhivery,Small,24.22,5238.14,3.6
SH00317,C0120,Delhivery,Small,18.77,4119.2,5.8
SH00318,C0157,EcomExpress,Medium,24.8,5897.95,4.4
SH00319,C0166,Delhivery,Small,2.25,5663.57,6.0
SH00320,C0135,EcomExpress,Large,13.6,359.78,7.3
SH00321,C0125,BlueDart,Small,28.44,5563.55,9.1
SH00322,C0118,Delhivery,Small,11.83,4609.37,2.2
SH00323,C0022,Delhivery,Small,37.6,3437.26,9.2
SH00324,C0174,EcomExpress,Large,11.12,209.69,7.7
SH00325,C0013,BlueDart,Small,28.39,2265.42,2.4
SH00326,C0045,EcomExpress,Medium,17.37,5358.02,7.4
SH00327,C0097,Delhivery,Medium,28.24,1950.39,8.2
SH00328,C0188,DTDC,Small,19.69,4807.15,3.0
SH00329,C0162,BlueDart,Large,1.74,1106.1,6.0
SH00330,C0140,Delhivery,Small,2.95,4073.27,2.3
SH00331,C0021,BlueDart,Medium,39.2,3537.75,7.8
SH00332,C0129,BlueDart,Large,20.98,4521.47,1.6
SH00333,C0097,EcomExpress,Large,29.89,4130.57,3.9
SH00334,C0148,DTDC,Small,25.7,4561.39,5.3
SH00335,C0097,BlueDart,Medium,19.19,1474.77,2.9
SH00336,C0175,DTDC,Large,0.42,951.82,2.6
SH00337,C0084,DTDC,Medium,34.35,5055.67,4.6
SH00338,C0191,EcomExpress,Medium,30.13,5884.01,7.8
SH00339,C0008,EcomExpress,Large,12.33,5041.1,3.1
SH00340,C0079,EcomExpress,Small,38.82,3020.91,9.0
SH00341,C0173,BlueDart,Medium,33.81,2668.93,6.9
SH00342,C0002,BlueDart,Small,17.8,483.82,4.1
SH00343,C0025,EcomExpress,Small,14.4,1717.34,5.4
SH00344,C0031,BlueDart,Small,33.2,3677.25,8.3
SH00345,C0026,DTDC,Small,27.61,748.07,2.6
SH00346,C0052,DTDC,Small,26.95,2412.95,1.6
SH00347,C0115,EcomExpress,Large,16.1,3906.75,4.8
SH00348,C0023,BlueDart,Small,0.31,3043.7,7.0
SH00349,C0106,DTDC,Large,36.43,2191.73,6.0
SH00350,C0065,DTDC,Large,29.45,5662.92,8.8
SH00351,C0041,DTDC,Large,22.0,176.84,9.2
SH00352,C0026,BlueDart,Large,6.88,4811.71,7.0
SH00353,C0168,EcomExpress,Large,7.69,2109.16,9.5
SH00354,C0121,Delhivery,Large,39.2,884.06,6.5
SH00355,C0099,DTDC,Medium,30.09,4515.35,5.1
SH00356,C0197,Delhivery,Large,19.12,5331.73,5.5
SH00357,C0133,BlueDart,Medium,23.07,5970.69,4.0
SH00358,C0109,Delhivery,Large,24.52,1072.94,6.7
SH00359,C0186,DTDC,Medium,11.92,2749.89,7.4
SH00360,C0063,Delhivery,Large,4.37,4313.12,3.9
SH00361,C0020,Delhivery,Medium,1.13,4951.77,7.7
SH00362,C0119,DTDC,Large,30.57,4688.8,1.5
SH00363,C0083,Delhivery,Medium,33.58,3844.3,5.1
SH00364,C0002,Delhivery,Medium,21.19,3199.09,5.6
SH00365,C0136,Delhivery,Small,3.56,4377.44,7.4
SH00366,C0117,Delhivery,Small,14.1,2378.07,3.9
SH00367,C0041,EcomExpress,Medium,27.12,648.63,3.5
SH00368,C0170,EcomExpress,Small,35.15,631.07,5.3
SH00369,C0127,BlueDart,Small,23.86,2812.68,6.3
SH00370,C0013,BlueDart,Large,14.93,3853.34,8.2
SH00371,C0196,EcomExpress,Large,22.09,5923.41,7.1
SH00372,C0039,Delhivery,Medium,8.61,2580.12,7.5
SH00373,C0002,DTDC,Small,6.38,5241.6,9.4
SH00374,C0102,EcomExpress,Small,25.73,667.61,4.1
SH00375,C0054,DTDC,Large,21.67,5687.27,4.2
SH00376,C0095,EcomExpress,Large,32.41,5854.97,8.1
SH00377,C0057,EcomExpress,Medium,38.43,617.92,7.4
SH00378,C0124,EcomExpress,Large,36.94,2764.75,4.5
SH00379,C0049,DTDC,Medium,25.32,4082.56,8.8
