session_id,user_id,content_type,genre,watch_minutes,completion_pct
SS00001,U0193,Series,Drama,288.0,37.2
SS00002,U0019,Sports,Action,206.0,37.7
SS00003,U0204,Sports,Drama,288.0,33.3
SS00004,U0031,Sports,Action,225.0,26.2
SS00005,U0158,News,Comedy,258.0,66.8
SS00006,U0178,Movie,Thriller,108.0,98.9
SS00007,U0055,Series,Action,112.0,47.5
SS00008,U0039,Sports,Comedy,143.0,22.9
SS00009,U0249,Series,Action,252.0,12.4
SS00010,U0169,News,Action,45.0,86.6
SS00011,U0237,Sports,Thriller,272.0,98.3
SS00012,U0155,Series,Drama,294.0,85.7
SS00013,U0140,Movie,Drama,107.0,80.7
SS00014,U0218,Sports,Action,129.0,86.0
SS00015,U0073,Movie,Drama,27.0,9.3
SS00016,U0077,News,Thriller,116.0,10.2
SS00017,U0114,Movie,Thriller,125.0,85.3
SS00018,U0211,Sports,Drama,279.0,77.7
SS00019,U0107,Movie,Thriller,45.0,69.7
SS00020,U0039,Movie,Action,54.0,60.4
SS00021,U0038,Sports,Comedy,13.0,65.4
SS00022,U0072,Movie,Drama,97.0,77.5
SS00023,U0145,Sports,Drama,40.0,58.2
SS00024,U0205,News,Drama,222.0,65.3
SS00025,U0122,Movie,Thriller,140.0,68.4
SS00026,U0099,Sports,Comedy,130.0,96.3
SS00027,U0147,News,Thriller,189.0,7.1
SS00028,U0077,Sports,Action,140.0,47.4
SS00029,U0111,Series,Action,84.0,47.3
SS00030,U0057,Sports,Comedy,68.0,85.2
SS00031,U0067,Series,Drama,297.0,42.8
SS00032,U0227,News,Drama,55.0,27.6
SS00033,U0100,Movie,Action,238.0,64.8
SS00034,U0198,Sports,Thriller,272.0,58.1
SS00035,U0044,News,Drama,223.0,23.6
SS00036,U0202,Sports,Action,280.0,36.6
SS00037,U0035,Series,Comedy,76.0,16.8
SS00038,U0013,Movie,Comedy,128.0,84.2
SS00039,U0118,Sports,Comedy,243.0,63.7
SS00040,U0030,Series,Thriller,258.0,90.5
SS00041,U0010,Movie,Comedy,30.0,22.3
SS00042,U0131,Series,Drama,20.0,57.1
SS00043,U0099,News,Action,260.0,37.6
SS00044,U0024,Series,Comedy,239.0,80.9
SS00045,U0045,Sports,Comedy,195.0,19.3
SS00046,U0193,Sports,Comedy,285.0,89.1
SS00047,U0094,Series,Comedy,150.0,49.8
SS00048,U0084,Movie,Drama,67.0,22.3
SS00049,U0225,News,Drama,61.0,89.9
SS00050,U0097,News,Action,220.0,36.4
SS00051,U0134,Sports,Drama,56.0,39.7
SS00052,U0137,Sports,Drama,49.0,26.9
SS00053,U0028,Series,Comedy,29.0,72.9
SS00054,U0130,Movie,Comedy,181.0,72.8
SS00055,U0087,Movie,Drama,132.0,13.2
SS00056,U0086,Movie,Drama,110.0,78.4
SS00057,U0225,Sports,Thriller,47.0,35.6
SS00058,U0057,Series,Thriller,271.0,39.6
SS00059,U0049,Sports,Comedy,146.0,62.1
SS00060,U0066,Sports,Drama,91.0,67.6
SS00061,U0130,News,Drama,77.0,75.0
SS00062,U0200,Sports,Drama,218.0,59.1
SS00063,U0179,Sports,Comedy,239.0,40.0
SS00064,U0067,Series,Action,91.0,35.3
SS00065,U0119,Sports,Drama,62.0,95.6
SS00066,U0013,Series,Action,223.0,37.2
SS00067,U0082,Sports,Drama,258.0,20.8
SS00068,U0248,Movie,Comedy,45.0,47.4
SS00069,U0050,Series,Drama,197.0,23.8
SS00070,U0088,Movie,Drama,213.0,88.8
SS00071,U0045,Sports,Action,17.0,56.3
SS00072,U0054,News,Comedy,13.0,81.9
SS00073,U0214,News,Thriller,176.0,7.5
SS00074,U0158,Movie,Thriller,169.0,57.7
SS00075,U0024,News,Drama,296.0,98.5
SS00076,U0120,Movie,Thriller,58.0,32.4
SS00077,U0194,News,Comedy,154.0,61.8
SS00078,U0153,Series,Thriller,14.0,55.6
SS00079,U0242,Movie,Thriller,120.0,29.9
SS00080,U0197,News,Drama,252.0,70.4
SS00081,U0216,Series,Drama,46.0,47.0
SS00082,U0022,News,Comedy,279.0,11.0
SS00083,U0141,Movie,Comedy,85.0,80.3
SS00084,U0116,Sports,Drama,55.0,90.9
SS00085,U0246,Sports,Action,256.0,97.7
SS00086,U0118,Series,Action,249.0,9.8
SS00087,U0025,News,Action,143.0,55.5
SS00088,U0232,Series,Drama,200.0,77.2
SS00089,U0003,Sports,Comedy,242.0,74.4
SS00090,U0231,Series,Action,226.0,66.8
SS00091,U0007,Movie,Action,100.0,45.6
SS00092,U0135,Movie,Comedy,114.0,23.9
SS00093,U0184,News,Comedy,151.0,74.9
SS00094,U0080,Sports,Thriller,68.0,51.2
SS00095,U0088,Sports,Drama,122.0,43.1
SS00096,U0199,News,Comedy,111.0,29.1
SS00097,U0052,Sports,Drama,252.0,45.2
SS00098,U0011,Sports,Thriller,164.0,48.9
SS00099,U0243,News,Drama,218.0,94.7
SS00100,U0135,Movie,Action,165.0,78.6
SS00101,U0239,Series,Thriller,172.0,46.9
SS00102,U0028,News,Drama,18.0,15.9
SS00103,U0163,Series,Action,122.0,10.3
SS00104,U0167,Series,Action,63.0,49.7
SS00105,U0036,Series,Action,91.0,60.8
SS00106,U0062,Movie,Comedy,77.0,49.3
SS00107,U0176,News,Drama,62.0,78.9
SS00108,U0227,Movie,Thriller,101.0,60.4
SS00109,U0083,Series,Thriller,242.0,70.8
SS00110,U0068,Movie,Comedy,143.0,82.3
SS00111,U0049,Sports,Comedy,137.0,8.4
SS00112,U0229,Series,Comedy,105.0,38.2
SS00113,U0057,Movie,Comedy,131.0,83.5
SS00114,U0021,Series,Action,174.0,84.7
SS00115,U0016,News,Drama,23.0,96.1
SS00116,U0059,Sports,Comedy,197.0,71.6
SS00117,U0060,Series,Thriller,265.0,77.8
SS00118,U0244,News,Drama,262.0,23.9
SS00119,U0167,Series,Comedy,6.0,21.1
SS00120,U0003,Series,Action,93.0,27.4
SS00121,U0172,Movie,Drama,49.0,53.3
SS00122,U0030,News,Thriller,113.0,97.9
SS00123,U0187,Movie,Thriller,30.0,88.3
SS00124,U0091,News,Thriller,57.0,47.7
SS00125,U0066,News,Drama,5.0,92.2
SS00126,U0143,Series,Action,204.0,45.2
SS00127,U0065,Movie,Action,236.0,63.7
SS00128,U0046,News,Thriller,119.0,17.7
SS00129,U0051,Sports,Thriller,149.0,89.9
SS00130,U0173,Sports,Comedy,236.0,74.2
SS00131,U0216,Movie,Drama,149.0,70.7
SS00132,U0021,Sports,Thriller,199.0,44.6
SS00133,U0242,News,Comedy,59.0,85.9
SS00134,U0022,Series,Comedy,14.0,40.5
SS00135,U0123,Series,Thriller,254.0,73.0
SS00136,U0114,Series,Drama,219.0,17.2
SS00137,U0084,Series,Thriller,67.0,85.4
SS00138,U0032,News,Thriller,239.0,93.6
SS00139,U0050,Movie,Thriller,22.0,85.6
SS00140,U0039,Series,Action,292.0,99.1
SS00141,U0157,Series,Action,46.0,63.4
SS00142,U0037,Series,Drama,144.0,63.5
SS00143,U0098,Movie,Drama,277.0,36.5
SS00144,U0057,Movie,Action,104.0,27.2
SS00145,U0202,Series,Drama,87.0,13.6
SS00146,U0042,News,Drama,96.0,76.9
SS00147,U0170,News,Thriller,129.0,67.0
SS00148,U0062,Sports,Drama,261.0,31.8
SS00149,U0183,Movie,Thriller,292.0,54.6
SS00150,U0206,Series,Thriller,98.0,70.5
SS00151,U0177,Movie,Drama,103.0,26.7
SS00152,U0201,Series,Thriller,140.0,87.6
SS00153,U0082,Sports,Thriller,247.0,69.3
SS00154,U0144,Sports,Drama,246.0,30.3
SS00155,U0004,Sports,Drama,280.0,29.5
SS00156,U0217,Series,Action,27.0,59.4
SS00157,U0046,News,Drama,112.0,76.1
SS00158,U0025,News,Action,67.0,18.8
SS00159,U0049,Movie,Action,255.0,87.9
SS00160,U0206,Movie,Comedy,266.0,87.2
SS00161,U0113,Movie,Drama,53.0,41.0
SS00162,U0084,Sports,Drama,265.0,24.2
SS00163,U0161,Movie,Comedy,77.0,87.8
SS00164,U0001,Movie,Comedy,124.0,86.7
SS00165,U0215,Sports,Action,15.0,92.3
SS00166,U0217,News,Action,72.0,17.1
SS00167,U0211,Series,Thriller,103.0,51.2
SS00168,U0005,Sports,Thriller,5.0,81.4
SS00169,U0090,Series,Drama,144.0,10.8
SS00170,U0229,Sports,Comedy,88.0,38.2
SS00171,U0107,Series,Action,189.0,14.4
SS00172,U0132,News,Drama,178.0,14.4
SS00173,U0209,News,Action,13.0,9.7
SS00174,U0107,News,Comedy,102.0,21.1
SS00175,U0119,News,Action,241.0,13.9
SS00176,U0167,Sports,Drama,142.0,93.8
SS00177,U0209,Sports,Thriller,13.0,34.4
SS00178,U0236,Movie,Drama,53.0,84.6
SS00179,U0081,Series,Comedy,244.0,48.6
SS00180,U0102,Sports,Action,135.0,87.1
SS00181,U0237,Sports,Action,48.0,38.6
SS00182,U0068,Sports,Action,36.0,51.0
SS00183,U0190,Movie,Comedy,96.0,17.6
SS00184,U0223,Movie,Drama,190.0,67.7
SS00185,U0029,Series,Thriller,236.0,18.8
SS00186,U0189,Series,Action,220.0,42.5
SS00187,U0009,Movie,Comedy,121.0,90.0
SS00188,U0159,News,Action,13.0,67.2
SS00189,U0115,Sports,Drama,241.0,36.0
SS00190,U0158,News,Action,246.0,95.0
SS00191,U0125,Series,Drama,139.0,29.8
SS00192,U0160,News,Comedy,228.0,59.0
SS00193,U0126,News,Drama,170.0,73.3
SS00194,U0119,Sports,Action,244.0,13.4
SS00195,U0159,Series,Comedy,292.0,11.6
SS00196,U0179,Series,Drama,82.0,60.3
SS00197,U0173,Movie,Thriller,83.0,62.5
SS00198,U0221,Sports,Action,179.0,38.6
SS00199,U0033,News,Drama,45.0,59.5
SS00200,U0163,Sports,Thriller,272.0,92.9
SS00201,U0030,Series,Action,138.0,82.2
SS00202,U0172,Sports,Comedy,235.0,22.5
SS00203,U0046,Movie,Thriller,12.0,13.2
SS00204,U0107,News,Thriller,146.0,61.2
SS00205,U0190,Movie,Drama,20.0,89.9
SS00206,U0170,Series,Action,295.0,57.3
SS00207,U0136,News,Drama,113.0,67.6
SS00208,U0215,Movie,Thriller,44.0,69.1
SS00209,U0153,Series,Thriller,255.0,65.5
SS00210,U0202,News,Thriller,82.0,85.2
SS00211,U0012,Sports,Comedy,92.0,87.4
SS00212,U0073,Sports,Thriller,177.0,69.0
SS00213,U0132,Series,Drama,232.0,33.3
SS00214,U0131,Movie,Thriller,115.0,18.8
SS00215,U0067,Series,Action,111.0,11.0
SS00216,U0157,Movie,Drama,61.0,89.4
SS00217,U0046,Series,Comedy,215.0,29.9
SS00218,U0080,Sports,Thriller,97.0,94.1
SS00219,U0200,Movie,Drama,9.0,21.8
SS00220,U0234,News,Action,77.0,59.4
SS00221,U0074,Movie,Thriller,102.0,32.8
SS00222,U0248,Series,Comedy,162.0,84.8
SS00223,U0134,Movie,Comedy,188.0,22.2
SS00224,U0079,Series,Drama,13.0,61.8
SS00225,U0143,Series,Drama,263.0,14.8
SS00226,U0179,Sports,Drama,46.0,20.4
SS00227,U0095,Sports,Thriller,152.0,47.8
SS00228,U0133,Movie,Action,203.0,68.7
SS00229,U0132,Movie,Thriller,222.0,99.7
SS00230,U0243,Sports,Action,142.0,67.0
SS00231,U0139,Movie,Comedy,287.0,22.9
SS00232,U0032,Series,Drama,279.0,11.2
SS00233,U0145,Movie,Thriller,297.0,43.6
SS00234,U0101,News,Action,143.0,19.8
SS00235,U0246,Sports,Thriller,87.0,58.9
SS00236,U0058,News,Action,161.0,23.0
SS00237,U0155,Sports,Comedy,252.0,45.7
SS00238,U0050,News,Comedy,264.0,7.4
SS00239,U0171,News,Drama,256.0,52.6
SS00240,U0171,Sports,Thriller,232.0,94.6
SS00241,U0076,Movie,Comedy,269.0,82.2
SS00242,U0108,Sports,Drama,163.0,65.5
SS00243,U0125,Sports,Thriller,176.0,15.1
SS00244,U0141,Sports,Drama,205.0,60.6
SS00245,U0205,News,Action,139.0,88.8
SS00246,U0078,Sports,Drama,92.0,96.9
SS00247,U0082,Series,Action,221.0,22.7
SS00248,U0223,Movie,Comedy,157.0,68.8
SS00249,U0074,Series,Drama,227.0,26.0
SS00250,U0107,Movie,Drama,93.0,37.7
SS00251,U0012,News,Drama,141.0,51.1
SS00252,U0095,Series,Comedy,243.0,5.4
SS00253,U0184,News,Action,83.0,72.1
SS00254,U0199,News,Comedy,106.0,100.0
SS00255,U0178,Movie,Comedy,29.0,83.9
SS00256,U0174,News,Comedy,115.0,16.2
SS00257,U0129,Series,Drama,202.0,33.0
SS00258,U0223,News,Comedy,45.0,42.4
SS00259,U0155,News,Action,113.0,22.2
SS00260,U0183,Sports,Comedy,193.0,31.8
SS00261,U0175,Sports,Thriller,74.0,82.9
SS00262,U0074,News,Action,77.0,88.5
SS00263,U0094,Sports,Thriller,61.0,41.8
SS00264,U0027,News,Action,104.0,82.4
SS00265,U0190,Movie,Drama,97.0,72.1
SS00266,U0243,News,Action,263.0,96.1
SS00267,U0074,Sports,Action,250.0,82.2
SS00268,U0019,Sports,Comedy,271.0,53.6
SS00269,U0080,Series,Action,300.0,88.0
SS00270,U0185,Series,Action,116.0,8.6
SS00271,U0020,Sports,Action,181.0,39.9
SS00272,U0062,News,Thriller,187.0,9.2
SS00273,U0171,Movie,Thriller,41.0,53.6
SS00274,U0130,Movie,Action,14.0,98.5
SS00275,U0176,Series,Comedy,148.0,26.7
SS00276,U0247,News,Action,300.0,98.0
SS00277,U0135,Movie,Comedy,84.0,79.5
SS00278,U0177,News,Drama,175.0,45.7
SS00279,U0182,Series,Action,11.0,44.5
SS00280,U0104,Sports,Comedy,186.0,6.8
SS00281,U0040,Series,Action,145.0,45.8
SS00282,U0065,Series,Comedy,173.0,33.9
SS00283,U0170,Movie,Thriller,133.0,38.8
SS00284,U0149,Sports,Comedy,231.0,87.4
SS00285,U0224,Sports,Comedy,18.0,19.9
SS00286,U0224,Sports,Action,146.0,79.1
SS00287,U0072,Movie,Drama,103.0,7.7
SS00288,U0123,Sports,Thriller,89.0,6.7
SS00289,U0020,News,Comedy,176.0,19.1
SS00290,U0200,Movie,Comedy,35.0,94.4
SS00291,U0003,Movie,Thriller,270.0,24.7
SS00292,U0132,News,Comedy,139.0,85.1
SS00293,U0028,Movie,Comedy,269.0,30.1
SS00294,U0043,Series,Thriller,100.0,93.4
SS00295,U0171,Sports,Action,21.0,29.4
SS00296,U0051,Series,Drama,200.0,62.5
SS00297,U0103,News,Comedy,167.0,59.0
SS00298,U0011,News,Comedy,159.0,70.1
SS00299,U0161,Movie,Action,168.0,49.8
SS00300,U0043,Sports,Drama,200.0,89.0
SS00301,U0151,News,Thriller,54.0,34.6
SS00302,U0067,Movie,Thriller,145.0,34.5
SS00303,U0230,Sports,Comedy,203.0,15.2
SS00304,U0037,Movie,Action,19.0,89.5
SS00305,U0065,Sports,Comedy,243.0,60.8
SS00306,U0190,Series,Comedy,94.0,35.5
SS00307,U0216,Movie,Thriller,268.0,38.1
SS00308,U0231,News,Drama,248.0,56.9
SS00309,U0105,Series,Thriller,211.0,96.2
SS00310,U0005,Series,Drama,103.0,7.5
SS00311,U0085,Series,Comedy,198.0,7.8
SS00312,U0020,Sports,Drama,152.0,69.1
SS00313,U0208,News,Comedy,234.0,56.0
SS00314,U0249,Movie,Drama,88.0,27.8
SS00315,U0132,News,Drama,273.0,83.9
SS00316,U0066,Series,Drama,87.0,64.4
SS00317,U0065,News,Comedy,94.0,84.8
SS00318,U0114,Series,Action,230.0,82.3
SS00319,U0013,Series,Action,197.0,96.5
SS00320,U0141,Movie,Comedy,240.0,69.4
SS00321,U0107,Series,Comedy,235.0,34.5
SS00322,U0122,Sports,Drama,286.0,24.0
SS00323,U0009,News,Thriller,10.0,7.3
SS00324,U0174,Movie,Thriller,218.0,17.7
SS00325,U0054,Series,Thriller,56.0,6.6
SS00326,U0012,Series,Comedy,282.0,82.7
SS00327,U0144,Movie,Thriller,215.0,26.4
SS00328,U0147,News,Action,124.0,43.4
SS00329,U0098,Movie,Drama,89.0,75.5
SS00330,U0091,News,Comedy,42.0,56.8
SS00331,U0107,Series,Comedy,273.0,21.0
SS00332,U0193,News,Thriller,219.0,68.7
SS00333,U0130,Sports,Comedy,282.0,30.2
SS00334,U0160,Series,Action,6.0,78.3
SS00335,U0153,Sports,Drama,129.0,36.8
SS00336,U0134,Sports,Comedy,297.0,32.8
SS00337,U0012,News,Comedy,199.0,10.8
SS00338,U0125,Series,Thriller,279.0,72.8
SS00339,U0160,Movie,Action,58.0,88.6
SS00340,U0039,Series,Comedy,188.0,64.4
SS00341,U0171,Movie,Comedy,86.0,62.2
SS00342,U0052,Series,Comedy,82.0,15.6
SS00343,U0222,Series,Action,296.0,52.8
SS00344,U0057,News,Action,117.0,35.7
SS00345,U0139,Movie,Action,253.0,81.9
SS00346,U0039,Series,Drama,87.0,74.7
SS00347,U0091,Sports,Comedy,24.0,43.3
SS00348,U0040,Sports,Action,52.0,31.7
SS00349,U0025,News,Comedy,109.0,53.3
SS00350,U0186,News,Thriller,246.0,27.6
SS00351,U0118,Series,Comedy,175.0,46.3
SS00352,U0206,News,Comedy,249.0,29.3
SS00353,U0120,Movie,Thriller,154.0,16.9
SS00354,U0109,Series,Thriller,249.0,59.9
SS00355,U0192,Sports,Action,242.0,86.5
SS00356,U0052,Sports,Drama,89.0,25.4
SS00357,U0148,Series,Comedy,85.0,72.0
SS00358,U0151,Sports,Thriller,77.0,53.6
SS00359,U0049,News,Thriller,117.0,59.1
SS00360,U0053,News,Action,42.0,17.6
SS00361,U0202,Sports,Thriller,261.0,16.9
SS00362,U0175,Series,Comedy,203.0,94.4
SS00363,U0243,News,Thriller,71.0,35.7
SS00364,U0244,Sports,Drama,250.0,39.6
SS00365,U0227,Movie,Action,237.0,59.2
SS00366,U0222,News,Action,299.0,40.3
SS00367,U0006,Series,Action,153.0,53.9
SS00368,U0155,Movie,Action,169.0,89.8
SS00369,U0080,Movie,Comedy,298.0,34.5
SS00370,U0145,Sports,Drama,176.0,55.6
SS00371,U0049,Sports,Thriller,73.0,31.8
SS00372,U0194,News,Comedy,68.0,8.4
SS00373,U0170,Movie,Thriller,114.0,9.1
SS00374,U0207,Series,Drama,143.0,80.4
SS00375,U0125,Series,Thriller,197.0,43.9
SS00376,U0101,Movie,Comedy,43.0,82.3
SS00377,U0135,News,Thriller,267.0,55.8
SS00378,U0010,News,Thriller,100.0,18.6
SS00379,U0078,Movie,Thriller,287.0,55.8
SS00380,U0014,News,Drama,207.0,75.9
SS00381,U0225,Movie,Comedy,38.0,94.2
SS00382,U0070,News,Drama,242.0,99.2
SS00383,U0038,Movie,Action,296.0,52.0
SS00384,U0186,News,Thriller,221.0,74.7
SS00385,U0037,Series,Comedy,161.0,51.6
SS00386,U0223,Series,Comedy,198.0,70.6
SS00387,U0145,Sports,Drama,114.0,6.5
SS00388,U0066,News,Drama,147.0,8.6
SS00389,U0139,Sports,Drama,135.0,96.5
SS00390,U0149,Series,Action,92.0,63.0
SS00391,U0152,Series,Thriller,57.0,22.1
SS00392,U0115,Series,Action,189.0,33.2
SS00393,U0087,Movie,Drama,285.0,53.7
SS00394,U0091,Series,Drama,274.0,30.0
SS00395,U0020,News,Comedy,191.0,84.2
SS00396,U0227,Series,Action,87.0,9.5
SS00397,U0080,Series,Drama,286.0,90.7
SS00398,U0236,Movie,Thriller,70.0,80.9
SS00399,U0185,News,Thriller,57.0,96.5
SS00400,U0187,Series,Action,72.0,99.2
SS00401,U0070,Sports,Thriller,157.0,100.0
SS00402,U0081,Series,Comedy,11.0,43.3
SS00403,U0099,Series,Comedy,64.0,83.6
SS00404,U0156,Movie,Drama,248.0,60.7
SS00405,U0229,Sports,Comedy,28.0,98.0
SS00406,U0098,Sports,Comedy,186.0,6.5
SS00407,U0246,News,Comedy,241.0,84.0
SS00408,U0130,Movie,Thriller,16.0,32.1
SS00409,U0235,Series,Action,51.0,89.1
