user_id,user_name,city,subscription
U0001,Karan,Patna,Free
U0002,Karan,Pune,Basic
U0003,Pooja,Pune,Free
U0004,Neha,Patna,Basic
U0005,Karan,Kolkata,Basic
U0006,Neha,Kolkata,Free
U0007,Amit,Patna,Basic
U0008,Riya,Pune,Basic
U0009,Neha,Mumbai,Basic
U0010,Pooja,Kolkata,Basic
U0011,Neha,Mumbai,Premium
U0012,Karan,Delhi,Free
U0013,Karan,Patna,Basic
U0014,Neha,Mumbai,Premium
U0015,Karan,Mumbai,Premium
U0016,Amit,Mumbai,Premium
U0017,Karan,Kolkata,Basic
U0018,Pooja,Mumbai,Basic
U0019,Amit,Mumbai,Premium
U0020,Amit,Patna,Basic
U0021,Amit,Mumbai,Premium
U0022,Karan,Mumbai,Premium
U0023,Riya,Pune,Basic
U0024,Pooja,Kolkata,Premium
U0025,Karan,Mumbai,Free
U0026,Riya,Patna,Basic
U0027,Riya,Kolkata,Free
U0028,Amit,Patna,Premium
U0029,Neha,Kolkata,Premium
U0030,Pooja,Delhi,Premium
U0031,Pooja,Pune,Basic
U0032,Neha,Delhi,Premium
U0033,Pooja,Kolkata,Free
U0034,Karan,Delhi,Premium
U0035,Pooja,Delhi,Premium
U0036,Neha,Patna,Basic
U0037,Neha,Kolkata,Basic
U0038,Neha,Delhi,Basic
U0039,Neha,Patna,Premium
U0040,Pooja,Mumbai,Free
U0041,Pooja,Patna,Free
U0042,Amit,Delhi,Basic
U0043,Karan,Pune,Basic
U0044,Pooja,Pune,Premium
U0045,Amit,Pune,Premium
U0046,Amit,Kolkata,Basic
U0047,Pooja,Patna,Premium
U0048,Pooja,Delhi,Premium
U0049,Karan,Delhi,Free
U0050,Neha,Patna,Basic
U0051,Pooja,Pune,Basic
U0052,Karan,Kolkata,Premium
U0053,Karan,Pune,Premium
U0054,Pooja,Pune,Basic
U0055,Amit,Patna,Premium
U0056,Pooja,Mumbai,Basic
U0057,Riya,Pune,Basic
U0058,Pooja,Kolkata,Premium
U0059,Riya,Patna,Free
U0060,Karan,Mumbai,Basic
U0061,Neha,Kolkata,Basic
U0062,Karan,Pune,Free
U0063,Riya,Pune,Free
U0064,Riya,Delhi,Free
U0065,Pooja,Mumbai,Basic
U0066,Riya,Patna,Premium
U0067,Riya,Pune,Basic
U0068,Karan,Patna,Basic
U0069,Karan,Kolkata,Free
U0070,Amit,Patna,Free
U0071,Riya,Kolkata,Premium
U0072,Amit,Kolkata,Premium
U0073,Pooja,Delhi,Premium
U0074,Karan,Patna,Premium
U0075,Neha,Pune,Premium
U0076,Karan,Pune,Basic
U0077,Neha,Kolkata,Basic
U0078,Amit,Patna,Premium
U0079,Riya,Delhi,Premium
U0080,Riya,Delhi,Free
U0081,Neha,Mumbai,Free
U0082,Riya,Pune,Basic
U0083,Amit,Kolkata,Premium
U0084,Riya,Patna,Basic
U0085,Neha,Delhi,Premium
U0086,Amit,Mumbai,Premium
U0087,Neha,Delhi,Premium
U0088,Amit,Kolkata,Basic
U0089,Riya,Delhi,Basic
U0090,Neha,Pune,Premium
U0091,Neha,Patna,Free
U0092,Neha,Pune,Premium
U0093,Neha,Patna,Free
U0094,Karan,Pune,Premium
U0095,Neha,Pune,Basic
U0096,Pooja,Pune,Premium
U0097,Pooja,Mumbai,Premium
U0098,Pooja,Patna,Free
U0099,Riya,Delhi,Premium
U0100,Pooja,Pune,Free
U0101,Pooja,Pune,Free
U0102,Neha,Mumbai,Free
U0103,Pooja,Kolkata,Premium
U0104,Riya,Mumbai,Premium
U0105,Karan,Pune,Free
U0106,Neha,Pune,Basic
U0107,Amit,Patna,Premium
U0108,Pooja,Patna,Premium
U0109,Pooja,Pune,Free
U0110,Neha,Delhi,Free
U0111,Riya,Kolkata,Premium
U0112,Riya,Delhi,Basic
U0113,Pooja,Pune,Basic
U0114,Neha,Delhi,Basic
U0115,Pooja,Pune,Free
U0116,Amit,Delhi,Premium
U0117,Riya,Patna,Free
U0118,Amit,Mumbai,Free
U0119,Amit,Mumbai,Basic
U0120,Riya,Delhi,Basic
U0121,Amit,Patna,Premium
U0122,Karan,Mumbai,Free
U0123,Neha,Pune,Premium
U0124,Karan,Patna,Premium
U0125,Pooja,Pune,Premium
U0126,Karan,Delhi,Basic
U0127,Pooja,Pune,Basic
U0128,Pooja,Pune,Free
U0129,Karan,Pune,Free
U0130,Neha,Delhi,Free
U0131,Amit,Pune,Premium
U0132,Amit,Mumbai,Premium
U0133,Neha,Delhi,Free
U0134,Neha,Kolkata,Free
U0135,Amit,Patna,Basic
U0136,Neha,Delhi,Free
U0137,Pooja,Patna,Basic
U0138,Neha,Mumbai,Basic
U0139,Neha,Pune,Free
U0140,Amit,Pune,Free
U0141,Riya,Patna,Free
U0142,Riya,Pune,Basic
U0143,Pooja,Patna,Free
U0144,Amit,Patna,Free
U0145,Karan,Pune,Basic
U0146,Riya,Mumbai,Free
U0147,Amit,Delhi,Free
U0148,Riya,Pune,Basic
U0149,Amit,Pune,Free
U0150,Karan,Pune,Free
U0151,Riya,Mumbai,Basic
U0152,Neha,Mumbai,Basic
U0153,Riya,Kolkata,Basic
U0154,Neha,Mumbai,Premium
U0155,Riya,Mumbai,Free
U0156,Pooja,Kolkata,Free
U0157,Neha,Delhi,Basic
U0158,Karan,Delhi,Basic
U0159,Riya,Delhi,Premium
U0160,Neha,Delhi,Premium
U0161,Karan,Mumbai,Premium
U0162,Amit,Pune,Premium
U0163,Karan,Pune,Free
U0164,Pooja,Delhi,Free
U0165,Amit,Mumbai,Premium
U0166,Karan,Delhi,Basic
U0167,Riya,Kolkata,Free
U0168,Amit,Kolkata,Free
U0169,Pooja,Kolkata,Free
U0170,Riya,Mumbai,Premium
U0171,Pooja,Pune,Basic
U0172,Karan,Pune,Basic
U0173,Karan,Mumbai,Premium
U0174,Pooja,Kolkata,Premium
U0175,Karan,Pune,Free
U0176,Karan,Mumbai,Premium
U0177,Neha,Patna,Free
U0178,Amit,Patna,Free
U0179,Neha,Kolkata,Free
U0180,Neha,Mumbai,Premium
U0181,Riya,Kolkata,Premium
U0182,Amit,Patna,Free
U0183,Riya,Pune,Premium
U0184,Karan,Pune,Basic
U0185,Karan,Delhi,Basic
U0186,Amit,Patna,Basic
U0187,Riya,Delhi,Free
U0188,Amit,Delhi,Premium
U0189,Neha,Pune,Premium
U0190,Riya,Kolkata,Free
U0191,Riya,Kolkata,Free
U0192,Karan,Pune,Free
U0193,Amit,Delhi,Basic
U0194,Riya,Mumbai,Premium
U0195,Riya,Kolkata,Basic
U0196,Amit,Pune,Free
U0197,Pooja,Patna,Basic
U0198,Karan,Patna,Premium
U0199,Riya,Kolkata,Free
U0200,Karan,Patna,Free
U0201,Karan,Patna,Premium
U0202,Amit,Patna,Premium
U0203,Amit,Delhi,Premium
U0204,Neha,Kolkata,Free
U0205,Amit,Mumbai,Free
U0206,Neha,Pune,Free
U0207,Pooja,Kolkata,Free
U0208,Neha,Mumbai,Premium
U0209,Amit,Delhi,Basic
U0210,Karan,Kolkata,Basic
U0211,Neha,Kolkata,Free
U0212,Karan,Patna,Basic
U0213,Neha,Mumbai,Basic
U0214,Riya,Delhi,Basic
U0215,Amit,Kolkata,Free
U0216,Pooja,Delhi,Free
U0217,Riya,Pune,Basic
U0218,Amit,Patna,Premium
U0219,Riya,Patna,Free
U0220,Riya,Pune,Basic
U0221,Amit,Mumbai,Basic
U0222,Amit,Pune,Free
U0223,Karan,Mumbai,Free
U0224,Neha,Pune,Premium
U0225,Neha,Delhi,Basic
U0226,Riya,Mumbai,Basic
U0227,Amit,Patna,Premium
U0228,Karan,Pune,Basic
U0229,Karan,Delhi,Basic
U0230,Riya,Pune,Premium
U0231,Karan,Mumbai,Basic
U0232,Riya,Pune,Premium
U0233,Neha,Patna,Free
U0234,Karan,Patna,Premium
U0235,Karan,Mumbai,Free
U0236,Pooja,Mumbai,Free
U0237,Karan,Kolkata,Free
U0238,Amit,Pune,Premium
U0239,Riya,Patna,Premium
U0240,Pooja,Delhi,Basic
U0241,Riya,Mumbai,Premium
U0242,Riya,Pune,Free
U0243,Neha,Mumbai,Free
U0244,Neha,Pune,Premium
U0245,Karan,Mumbai,Premium
U0246,Amit,Mumbai,Basic
U0247,Karan,Pune,Premium
U0248,Riya,Delhi,Free
U0249,Pooja,Mumbai,Free
