customer_id,customer_name,city,membership
C0001,Neha,Patna,Silver
C0002,Karan,Patna,None
C0003,Amit,Pune,None
C0004,Rahul,Kolkata,Silver
C0005,Amit,Pune,None
C0006,Karan,Mumbai,Silver
C0007,Neha,Kolkata,Gold
C0008,Priya,Mumbai,None
C0009,Neha,Kolkata,Gold
C0010,Karan,Delhi,Silver
C0011,Rahul,Mumbai,Gold
C0012,Karan,Delhi,Gold
C0013,Karan,Pune,Gold
C0014,Rahul,Pune,Gold
C0015,Amit,Pune,Gold
C0016,Karan,Mumbai,None
C0017,Karan,Kolkata,Gold
C0018,Priya,Kolkata,Gold
C0019,Rahul,Mumbai,Silver
C0020,Amit,Patna,Silver
C0021,Karan,Pune,None
C0022,Priya,Kolkata,None
C0023,Amit,Mumbai,Silver
C0024,Amit,Delhi,Gold
C0025,Karan,Pune,None
C0026,Amit,Pune,None
C0027,Neha,Delhi,Silver
C0028,Neha,Mumbai,Silver
C0029,Karan,Patna,None
C0030,Amit,Patna,Gold
C0031,Priya,Patna,None
C0032,Priya,Pune,Gold
C0033,Karan,Kolkata,Silver
C0034,Karan,Delhi,Silver
C0035,Rahul,Patna,None
C0036,Amit,Patna,Gold
C0037,Amit,Kolkata,Silver
C0038,Amit,Kolkata,Gold
C0039,Rahul,Pune,Silver
C0040,Amit,Pune,Silver
C0041,Priya,Patna,Gold
C0042,Neha,Delhi,Gold
C0043,Priya,Pune,Gold
C0044,Rahul,Patna,Gold
C0045,Neha,Mumbai,Gold
C0046,Rahul,Delhi,None
C0047,Rahul,Mumbai,Gold
C0048,Neha,Delhi,Silver
C0049,Amit,Patna,Silver
C0050,Neha,Mumbai,None
C0051,Karan,Pune,Gold
C0052,Priya,Mumbai,Silver
C0053,Neha,Delhi,Silver
C0054,Neha,Pune,None
C0055,Karan,Mumbai,None
C0056,Neha,Pune,Gold
C0057,Priya,Mumbai,Silver
C0058,Amit,Pune,None
C0059,Amit,Mumbai,Gold
C0060,Rahul,Mumbai,Silver
C0061,Rahul,Kolkata,None
C0062,Rahul,Mumbai,Silver
C0063,Karan,Patna,None
C0064,Rahul,Patna,None
C0065,Amit,Kolkata,Gold
C0066,Karan,Delhi,Gold
C0067,Rahul,Pune,Silver
C0068,Rahul,Patna,Silver
C0069,Karan,Mumbai,Gold
C0070,Karan,Mumbai,Silver
C0071,Karan,Kolkata,Silver
C0072,Rahul,Pune,Silver
C0073,Amit,Kolkata,Silver
C0074,Amit,Pune,None
C0075,Rahul,Pune,Silver
C0076,Karan,Pune,None
C0077,Karan,Mumbai,Gold
C0078,Priya,Pune,Gold
C0079,Rahul,Kolkata,None
C0080,Neha,Mumbai,Gold
C0081,Rahul,Kolkata,None
C0082,Amit,Patna,Silver
C0083,Amit,Patna,Silver
C0084,Neha,Pune,Gold
C0085,Neha,Pune,Silver
C0086,Karan,Pune,None
C0087,Priya,Patna,Gold
C0088,Neha,Delhi,None
C0089,Amit,Kolkata,Gold
C0090,Amit,Patna,Silver
C0091,Neha,Pune,Gold
C0092,Neha,Delhi,Silver
C0093,Amit,Kolkata,None
C0094,Amit,Delhi,None
C0095,Rahul,Pune,Silver
C0096,Amit,Mumbai,None
C0097,Rahul,Kolkata,Gold
C0098,Neha,Patna,Gold
C0099,Amit,Mumbai,None
C0100,Neha,Pune,Gold
C0101,Priya,Patna,Gold
C0102,Karan,Pune,Silver
C0103,Neha,Pune,Silver
C0104,Amit,Mumbai,Gold
C0105,Amit,Patna,None
C0106,Amit,Kolkata,None
C0107,Karan,Patna,None
C0108,Priya,Pune,Silver
C0109,Amit,Kolkata,Silver
C0110,Priya,Pune,Gold
C0111,Rahul,Delhi,Silver
C0112,Karan,Mumbai,None
C0113,Rahul,Kolkata,Silver
C0114,Neha,Delhi,Silver
C0115,Rahul,Patna,Silver
C0116,Priya,Delhi,Gold
C0117,Amit,Patna,Gold
C0118,Amit,Pune,Silver
C0119,Rahul,Delhi,Gold
C0120,Neha,Pune,Silver
C0121,Amit,Mumbai,None
C0122,Priya,Pune,Gold
C0123,Rahul,Pune,Gold
C0124,Priya,Delhi,Silver
C0125,Rahul,Patna,Silver
C0126,Rahul,Kolkata,Gold
C0127,Amit,Pune,Gold
C0128,Rahul,Kolkata,Gold
C0129,Neha,Mumbai,None
C0130,Rahul,Mumbai,Silver
C0131,Priya,Pune,Silver
C0132,Rahul,Pune,Silver
C0133,Karan,Delhi,Silver
C0134,Neha,Patna,Silver
C0135,Priya,Kolkata,None
C0136,Rahul,Pune,None
C0137,Priya,Pune,Gold
C0138,Karan,Delhi,Silver
C0139,Priya,Pune,None
C0140,Neha,Kolkata,Gold
C0141,Rahul,Kolkata,Gold
C0142,Amit,Pune,Silver
C0143,Priya,Delhi,Silver
C0144,Neha,Delhi,None
C0145,Neha,Mumbai,Gold
C0146,Rahul,Delhi,Gold
C0147,Karan,Delhi,Silver
C0148,Karan,Delhi,None
C0149,Rahul,Kolkata,None
C0150,Priya,Mumbai,Gold
C0151,Rahul,Mumbai,Silver
C0152,Neha,Kolkata,Gold
C0153,Neha,Delhi,Gold
C0154,Priya,Pune,Silver
C0155,Karan,Delhi,Silver
C0156,Priya,Patna,Gold
C0157,Rahul,Mumbai,Gold
C0158,Rahul,Mumbai,None
C0159,Amit,Kolkata,None
C0160,Neha,Kolkata,Gold
C0161,Karan,Pune,Gold
C0162,Amit,Kolkata,Silver
C0163,Priya,Kolkata,Silver
C0164,Rahul,Patna,None
C0165,Priya,Delhi,Silver
C0166,Amit,Patna,Gold
C0167,Rahul,Kolkata,Gold
C0168,Amit,Delhi,Gold
C0169,Karan,Delhi,Gold
C0170,Neha,Kolkata,Gold
C0171,Rahul,Delhi,Gold
C0172,Neha,Kolkata,None
C0173,Karan,Patna,Gold
C0174,Rahul,Delhi,None
C0175,Priya,Patna,None
C0176,Amit,Delhi,Silver
C0177,Neha,Patna,Gold
C0178,Priya,Pune,None
C0179,Amit,Patna,Gold
C0180,Priya,Kolkata,None
C0181,Amit,Mumbai,None
C0182,Karan,Delhi,Gold
C0183,Amit,Kolkata,None
C0184,Karan,Pune,Gold
C0185,Karan,Kolkata,None
C0186,Rahul,Kolkata,None
C0187,Karan,Delhi,None
C0188,Rahul,Kolkata,Gold
C0189,Karan,Mumbai,None
C0190,Karan,Mumbai,Gold
C0191,Karan,Delhi,Silver
C0192,Priya,Delhi,Silver
C0193,Neha,Pune,Silver
C0194,Karan,Patna,Gold
C0195,Karan,Patna,Gold
C0196,Rahul,Patna,Gold
C0197,Neha,Kolkata,Gold
C0198,Amit,Kolkata,None
C0199,Priya,Kolkata,None
C0200,Neha,Mumbai,None
C0201,Amit,Delhi,Gold
C0202,Amit,Delhi,None
C0203,Rahul,Patna,Silver
C0204,Neha,Pune,None
C0205,Rahul,Delhi,None
C0206,Priya,Mumbai,Gold
C0207,Karan,Pune,Gold
C0208,Neha,Pune,Gold
C0209,Rahul,Delhi,Silver
C0210,Amit,Delhi,None
C0211,Karan,Delhi,Gold
C0212,Amit,Pune,Gold
C0213,Rahul,Pune,Gold
C0214,Rahul,Patna,Gold
C0215,Neha,Delhi,None
C0216,Priya,Pune,None
C0217,Neha,Mumbai,None
C0218,Rahul,Delhi,None
C0219,Amit,Pune,Gold
C0220,Neha,Kolkata,Gold
C0221,Karan,Patna,Silver
C0222,Amit,Mumbai,Gold
C0223,Rahul,Mumbai,Silver
C0224,Neha,Mumbai,Gold
C0225,Rahul,Pune,None
C0226,Amit,Patna,Gold
C0227,Rahul,Delhi,Silver
C0228,Amit,Patna,Gold
C0229,Rahul,Delhi,None
