order_id,customer_id,restaurant,cuisine,order_value,delivery_minutes,rating
F00001,C0169,Cafe 24,Indian,1166.81,33.0,4.5
F00002,C0197,Green Bowl,Fast Food,1588.84,38.0,3.8
F00003,C0117,Cafe 24,Chinese,1573.72,20.0,4.1
F00004,C0227,Green Bowl,Indian,2833.56,15.0,2.8
F00005,C0188,Green Bowl,Fast Food,2151.61,38.0,2.8
F00006,C0216,Tandoori House,Chinese,1005.58,49.0,2.7
F00007,C0204,Urban Bites,Fast Food,2386.86,43.0,4.7
F00008,C0166,Cafe 24,Indian,2167.97,30.0,1.3
F00009,C0041,Tandoori House,Chinese,916.77,37.0,3.9
F00010,C0191,Spice Hub,Chinese,1922.66,19.0,3.3
F00011,C0205,Urban Bites,Italian,1071.28,47.0,2.1
F00012,C0178,Green Bowl,Chinese,164.35,34.0,2.9
F00013,C0085,Green Bowl,Chinese,1290.12,24.0,4.5
F00014,C0109,Tandoori House,Italian,1771.0,41.0,1.9
F00015,C0169,Cafe 24,Indian,1373.0,47.0,1.6
F00016,C0036,Green Bowl,Chinese,663.32,38.0,2.8
F00017,C0129,Tandoori House,Fast Food,1685.24,27.0,3.8
F00018,C0168,Cafe 24,Fast Food,2298.23,61.0,2.0
F00019,C0058,Tandoori House,Chinese,1758.02,38.0,4.1
F00020,C0213,Spice Hub,Chinese,1679.88,28.0,1.9
F00021,C0185,Urban Bites,Italian,864.26,39.0,1.3
F00022,C0202,Spice Hub,Fast Food,952.9,29.0,2.6
F00023,C0043,Spice Hub,Fast Food,2703.04,16.0,4.1
F00024,C0124,Spice Hub,Fast Food,602.12,20.0,1.7
F00025,C0163,Green Bowl,Fast Food,608.17,44.0,4.0
F00026,C0066,Green Bowl,Indian,2650.84,17.0,3.0
F00027,C0228,Tandoori House,Chinese,803.0,37.0,3.1
F00028,C0035,Cafe 24,Fast Food,402.71,38.0,2.3
F00029,C0161,Green Bowl,Italian,388.0,37.0,1.1
F00030,C0096,Tandoori House,Chinese,1378.17,62.0,1.6
F00031,C0141,Green Bowl,Chinese,2309.52,39.0,4.4
F00032,C0216,Cafe 24,Chinese,1297.47,29.0,3.5
F00033,C0225,Tandoori House,Indian,986.15,50.0,5.0
F00034,C0109,Cafe 24,Chinese,2238.79,33.0,1.3
F00035,C0214,Spice Hub,Fast Food,2053.76,35.0,4.7
F00036,C0157,Urban Bites,Fast Food,1507.07,39.0,4.3
F00037,C0114,Cafe 24,Chinese,738.04,32.0,1.5
F00038,C0096,Cafe 24,Italian,2204.2,24.0,4.6
F00039,C0021,Tandoori House,Indian,1418.27,27.0,2.0
F00040,C0071,Tandoori House,Indian,1519.0,40.0,2.0
F00041,C0093,Green Bowl,Chinese,1279.1,25.0,3.7
F00042,C0078,Green Bowl,Italian,183.58,32.0,4.1
F00043,C0190,Cafe 24,Chinese,2191.12,23.0,4.8
F00044,C0133,Cafe 24,Indian,1679.36,55.0,1.3
F00045,C0046,Spice Hub,Fast Food,963.9,13.0,4.4
F00046,C0107,Green Bowl,Indian,1462.32,43.0,3.6
F00047,C0102,Green Bowl,Fast Food,2373.89,31.0,3.7
F00048,C0151,Green Bowl,Fast Food,997.6,25.0,1.2
F00049,C0100,Cafe 24,Italian,1902.24,36.0,1.8
F00050,C0180,Green Bowl,Fast Food,2665.82,22.0,1.1
F00051,C0206,Cafe 24,Chinese,1035.34,47.0,1.9
F00052,C0191,Spice Hub,Indian,2945.86,34.0,3.1
F00053,C0076,Urban Bites,Chinese,2298.46,26.0,3.7
F00054,C0070,Cafe 24,Indian,977.96,24.0,3.7
F00055,C0188,Cafe 24,Fast Food,1172.21,25.0,3.3
F00056,C0173,Cafe 24,Italian,2441.03,21.0,3.9
F00057,C0003,Cafe 24,Indian,1273.7,34.0,2.5
F00058,C0036,Green Bowl,Fast Food,446.52,37.0,1.0
F00059,C0145,Spice Hub,Fast Food,369.18,22.0,1.2
F00060,C0090,Spice Hub,Italian,1714.01,22.0,4.9
F00061,C0208,Urban Bites,Fast Food,1487.75,32.0,4.4
F00062,C0036,Urban Bites,Chinese,1375.65,27.0,3.8
F00063,C0215,Cafe 24,Chinese,1569.1,19.0,1.7
F00064,C0009,Spice Hub,Indian,724.46,53.0,3.1
F00065,C0199,Green Bowl,Fast Food,1780.43,44.0,2.5
F00066,C0020,Cafe 24,Fast Food,559.7,15.0,1.7
F00067,C0047,Tandoori House,Indian,526.3,46.0,4.7
F00068,C0065,Green Bowl,Chinese,2916.03,37.0,4.4
F00069,C0205,Urban Bites,Indian,2516.2,19.0,2.8
F00070,C0221,Cafe 24,Italian,1014.69,42.0,3.5
F00071,C0118,Urban Bites,Indian,1745.63,13.0,4.1
F00072,C0077,Tandoori House,Indian,932.26,16.0,3.3
F00073,C0061,Cafe 24,Italian,2576.62,43.0,2.6
F00074,C0012,Cafe 24,Fast Food,290.36,25.0,3.3
F00075,C0186,Urban Bites,Indian,1252.34,38.0,1.8
F00076,C0003,Urban Bites,Indian,2768.14,27.0,2.7
F00077,C0115,Cafe 24,Indian,157.73,25.0,1.4
F00078,C0152,Urban Bites,Indian,1041.54,40.0,4.6
F00079,C0019,Cafe 24,Chinese,1936.59,34.0,3.2
F00080,C0053,Green Bowl,Chinese,1792.2,31.0,2.5
F00081,C0139,Urban Bites,Italian,1303.92,34.0,2.4
F00082,C0081,Urban Bites,Italian,1528.7,57.0,3.4
F00083,C0124,Tandoori House,Chinese,920.31,42.0,1.2
F00084,C0005,Green Bowl,Fast Food,1695.74,50.0,4.4
F00085,C0040,Tandoori House,Indian,1799.35,32.0,3.5
F00086,C0001,Cafe 24,Italian,1302.84,51.0,1.9
F00087,C0033,Urban Bites,Chinese,2057.1,38.0,4.1
F00088,C0067,Cafe 24,Fast Food,593.62,35.0,1.6
F00089,C0086,Green Bowl,Italian,347.0,51.0,4.2
F00090,C0107,Urban Bites,Italian,2961.77,21.0,1.8
F00091,C0225,Green Bowl,Chinese,2885.12,41.0,4.9
F00092,C0143,Spice Hub,Italian,186.93,31.0,3.6
F00093,C0170,Tandoori House,Chinese,720.38,44.0,4.8
F00094,C0086,Green Bowl,Italian,1913.4,27.0,3.3
F00095,C0105,Cafe 24,Fast Food,1399.72,19.0,3.1
F00096,C0192,Cafe 24,Fast Food,677.33,22.0,2.1
F00097,C0175,Spice Hub,Chinese,882.72,21.0,1.6
F00098,C0117,Spice Hub,Italian,1808.74,15.0,2.0
F00099,C0016,Tandoori House,Fast Food,1853.85,22.0,1.6
F00100,C0148,Tandoori House,Fast Food,1093.03,23.0,1.0
F00101,C0053,Tandoori House,Fast Food,1196.39,30.0,3.8
F00102,C0078,Cafe 24,Fast Food,535.68,50.0,3.2
F00103,C0106,Green Bowl,Indian,2432.52,45.0,3.4
F00104,C0072,Tandoori House,Fast Food,1453.36,26.0,1.4
F00105,C0092,Tandoori House,Indian,2012.25,31.0,1.9
F00106,C0161,Cafe 24,Indian,748.44,22.0,2.8
F00107,C0078,Tandoori House,Fast Food,2583.69,60.0,1.4
F00108,C0039,Cafe 24,Chinese,433.1,52.0,1.6
F00109,C0102,Cafe 24,Chinese,2103.28,35.0,2.2
F00110,C0110,Cafe 24,Italian,2669.79,19.0,3.3
F00111,C0108,Green Bowl,Fast Food,242.37,10.0,3.8
F00112,C0027,Spice Hub,Chinese,1132.41,23.0,2.4
F00113,C0214,Cafe 24,Fast Food,979.09,29.0,2.1
F00114,C0019,Spice Hub,Chinese,1160.55,29.0,3.2
F00115,C0152,Green Bowl,Italian,1444.1,39.0,4.6
F00116,C0170,Green Bowl,Italian,1419.67,54.0,3.0
F00117,C0175,Spice Hub,Italian,1160.32,28.0,2.6
F00118,C0170,Cafe 24,Fast Food,1157.53,28.0,4.0
F00119,C0154,Urban Bites,Indian,1355.98,32.0,1.1
F00120,C0049,Tandoori House,Italian,1982.84,34.0,2.5
F00121,C0110,Green Bowl,Fast Food,2039.71,41.0,2.1
F00122,C0119,Green Bowl,Fast Food,2400.52,44.0,3.2
F00123,C0095,Spice Hub,Chinese,1138.32,39.0,1.3
F00124,C0160,Tandoori House,Italian,1949.08,27.0,2.6
F00125,C0049,Tandoori House,Chinese,943.27,32.0,2.4
F00126,C0207,Tandoori House,Fast Food,2388.21,51.0,3.4
F00127,C0120,Urban Bites,Italian,2265.6,55.0,3.0
F00128,C0197,Green Bowl,Indian,1046.56,17.0,2.8
F00129,C0156,Spice Hub,Indian,2891.49,28.0,2.9
F00130,C0067,Cafe 24,Italian,2524.9,37.0,4.8
F00131,C0177,Green Bowl,Italian,1443.09,39.0,2.5
F00132,C0051,Spice Hub,Italian,2585.0,35.0,4.0
F00133,C0208,Spice Hub,Chinese,1198.83,31.0,1.5
F00134,C0218,Tandoori House,Fast Food,1336.01,30.0,4.8
F00135,C0155,Spice Hub,Italian,217.37,31.0,1.7
F00136,C0022,Spice Hub,Indian,1177.72,26.0,4.5
F00137,C0009,Green Bowl,Indian,2960.92,27.0,3.8
F00138,C0120,Urban Bites,Italian,1321.18,31.0,2.6
F00139,C0214,Cafe 24,Italian,397.99,39.0,2.3
F00140,C0026,Cafe 24,Italian,2184.9,19.0,1.7
F00141,C0218,Spice Hub,Chinese,2958.13,33.0,4.8
F00142,C0089,Urban Bites,Fast Food,1104.57,41.0,3.2
F00143,C0164,Green Bowl,Indian,2803.99,23.0,4.0
F00144,C0220,Tandoori House,Fast Food,2876.73,41.0,2.1
F00145,C0217,Cafe 24,Chinese,1763.85,49.0,3.1
F00146,C0213,Green Bowl,Indian,418.19,46.0,4.4
F00147,C0138,Cafe 24,Indian,2120.87,18.0,1.3
F00148,C0159,Cafe 24,Indian,897.38,44.0,4.6
F00149,C0199,Green Bowl,Fast Food,2951.52,50.0,2.7
F00150,C0226,Cafe 24,Italian,1885.23,35.0,4.8
F00151,C0200,Urban Bites,Chinese,2882.78,36.0,4.1
F00152,C0064,Urban Bites,Chinese,1981.93,40.0,4.4
F00153,C0203,Urban Bites,Chinese,809.16,37.0,1.6
F00154,C0042,Spice Hub,Fast Food,2409.82,14.0,2.4
F00155,C0062,Cafe 24,Chinese,661.54,45.0,3.7
F00156,C0213,Tandoori House,Italian,1148.79,42.0,3.8
F00157,C0076,Green Bowl,Fast Food,1058.35,25.0,1.8
F00158,C0127,Spice Hub,Indian,2058.66,29.0,3.0
F00159,C0186,Tandoori House,Italian,1722.11,27.0,3.8
F00160,C0002,Spice Hub,Italian,2239.14,29.0,3.3
F00161,C0016,Green Bowl,Chinese,1093.15,57.0,4.3
F00162,C0034,Cafe 24,Fast Food,1555.09,44.0,4.4
F00163,C0118,Cafe 24,Indian,305.29,34.0,3.8
F00164,C0046,Spice Hub,Fast Food,1662.95,32.0,4.3
F00165,C0222,Urban Bites,Fast Food,2846.57,56.0,3.4
F00166,C0168,Tandoori House,Fast Food,1286.01,40.0,1.6
F00167,C0213,Spice Hub,Fast Food,415.49,15.0,4.3
F00168,C0010,Green Bowl,Chinese,1492.35,47.0,1.4
F00169,C0200,Spice Hub,Italian,1684.92,31.0,1.5
F00170,C0206,Cafe 24,Indian,1769.14,21.0,3.4
F00171,C0014,Tandoori House,Chinese,1950.08,35.0,3.8
F00172,C0187,Tandoori House,Fast Food,1734.92,39.0,4.3
F00173,C0206,Urban Bites,Indian,2484.63,42.0,4.7
F00174,C0049,Tandoori House,Chinese,1484.42,32.0,2.3
F00175,C0226,Green Bowl,Italian,1046.55,17.0,3.1
F00176,C0215,Urban Bites,Chinese,1774.76,16.0,3.9
F00177,C0054,Spice Hub,Chinese,1225.32,22.0,1.5
F00178,C0194,Tandoori House,Indian,2469.61,47.0,2.7
F00179,C0114,Green Bowl,Chinese,1156.79,34.0,2.7
F00180,C0089,Cafe 24,Chinese,1911.98,17.0,4.8
F00181,C0205,Urban Bites,Fast Food,2899.31,36.0,4.1
F00182,C0002,Green Bowl,Italian,2452.94,42.0,1.3
F00183,C0155,Cafe 24,Chinese,1149.56,47.0,2.4
F00184,C0147,Cafe 24,Fast Food,2090.34,14.0,4.7
F00185,C0046,Tandoori House,Fast Food,2549.55,21.0,1.2
F00186,C0030,Spice Hub,Chinese,1078.98,31.0,4.8
F00187,C0032,Urban Bites,Fast Food,1006.18,23.0,4.4
F00188,C0193,Cafe 24,Italian,2465.98,30.0,4.8
F00189,C0003,Green Bowl,Fast Food,216.99,39.0,3.3
F00190,C0024,Cafe 24,Indian,1583.94,30.0,3.5
F00191,C0052,Urban Bites,Fast Food,2086.07,38.0,4.6
F00192,C0065,Tandoori House,Indian,1868.31,40.0,1.2
F00193,C0015,Urban Bites,Chinese,2907.29,51.0,2.6
F00194,C0177,Urban Bites,Italian,756.35,20.0,1.6
F00195,C0189,Green Bowl,Indian,1412.69,44.0,1.7
F00196,C0214,Cafe 24,Indian,397.38,30.0,4.2
F00197,C0027,Spice Hub,Chinese,2898.97,46.0,1.1
F00198,C0183,Spice Hub,Chinese,1687.3,24.0,3.3
F00199,C0121,Tandoori House,Fast Food,2002.51,34.0,2.5
F00200,C0190,Urban Bites,Chinese,2306.63,47.0,4.7
F00201,C0088,Urban Bites,Chinese,2224.22,29.0,1.1
F00202,C0091,Urban Bites,Fast Food,669.35,43.0,2.8
F00203,C0121,Spice Hub,Fast Food,2306.32,63.0,1.1
F00204,C0134,Tandoori House,Italian,2411.7,32.0,3.3
F00205,C0019,Tandoori House,Italian,2147.33,10.0,2.2
F00206,C0105,Spice Hub,Indian,1719.25,10.0,2.4
F00207,C0132,Green Bowl,Italian,2752.26,32.0,2.7
F00208,C0106,Green Bowl,Chinese,1634.73,30.0,3.9
F00209,C0163,Urban Bites,Indian,2972.79,48.0,4.2
F00210,C0095,Spice Hub,Italian,1020.68,19.0,1.5
F00211,C0140,Green Bowl,Fast Food,1307.04,44.0,4.5
F00212,C0117,Green Bowl,Fast Food,1369.7,40.0,3.8
F00213,C0006,Green Bowl,Italian,2594.82,42.0,2.0
F00214,C0176,Urban Bites,Italian,2870.58,42.0,1.1
F00215,C0191,Spice Hub,Italian,2343.82,42.0,3.9
F00216,C0099,Cafe 24,Chinese,847.02,23.0,4.1
F00217,C0201,Spice Hub,Italian,576.47,55.0,3.1
F00218,C0186,Green Bowl,Italian,614.64,12.0,4.4
F00219,C0088,Cafe 24,Italian,2448.83,37.0,3.9
F00220,C0016,Green Bowl,Fast Food,663.81,33.0,1.7
F00221,C0076,Green Bowl,Fast Food,1238.1,33.0,3.4
F00222,C0207,Urban Bites,Chinese,2462.52,58.0,2.1
F00223,C0060,Cafe 24,Chinese,2367.7,30.0,2.8
F00224,C0069,Spice Hub,Indian,2458.39,35.0,5.0
F00225,C0200,Tandoori House,Italian,286.02,37.0,1.6
F00226,C0064,Green Bowl,Indian,1083.72,19.0,4.2
F00227,C0040,Green Bowl,Chinese,222.82,31.0,3.1
F00228,C0125,Green Bowl,Italian,2123.31,36.0,2.6
F00229,C0120,Cafe 24,Fast Food,1147.55,18.0,4.0
F00230,C0102,Tandoori House,Chinese,278.34,52.0,1.3
F00231,C0202,Cafe 24,Italian,1044.4,23.0,3.2
F00232,C0070,Tandoori House,Italian,2362.21,25.0,4.6
F00233,C0050,Green Bowl,Fast Food,2983.75,23.0,3.8
F00234,C0193,Tandoori House,Fast Food,336.4,31.0,3.4
F00235,C0224,Urban Bites,Fast Food,1830.89,47.0,2.2
F00236,C0127,Urban Bites,Indian,1680.32,27.0,1.6
F00237,C0047,Cafe 24,Indian,2119.16,50.0,4.3
F00238,C0193,Urban Bites,Indian,777.62,53.0,4.8
F00239,C0218,Urban Bites,Italian,1543.7,38.0,4.2
F00240,C0057,Tandoori House,Fast Food,1150.68,47.0,2.5
F00241,C0084,Cafe 24,Italian,1577.26,34.0,1.5
F00242,C0086,Green Bowl,Chinese,2813.15,23.0,2.1
F00243,C0092,Spice Hub,Fast Food,2356.83,41.0,2.3
F00244,C0053,Urban Bites,Fast Food,1359.4,28.0,2.9
F00245,C0159,Cafe 24,Italian,850.48,31.0,4.2
F00246,C0092,Cafe 24,Fast Food,2977.45,31.0,1.6
F00247,C0025,Tandoori House,Chinese,879.22,49.0,4.3
F00248,C0161,Tandoori House,Italian,1550.77,51.0,2.0
F00249,C0107,Cafe 24,Italian,747.98,59.0,3.4
F00250,C0156,Spice Hub,Chinese,1373.59,23.0,3.7
F00251,C0068,Cafe 24,Fast Food,2607.86,46.0,3.0
F00252,C0105,Tandoori House,Chinese,2907.87,22.0,3.3
F00253,C0068,Tandoori House,Italian,2984.34,29.0,2.3
F00254,C0215,Spice Hub,Indian,2228.32,28.0,1.4
F00255,C0021,Tandoori House,Chinese,483.44,24.0,4.7
F00256,C0216,Cafe 24,Fast Food,167.51,34.0,2.4
F00257,C0116,Urban Bites,Indian,2076.39,35.0,1.4
F00258,C0107,Tandoori House,Italian,2224.87,34.0,5.0
F00259,C0037,Cafe 24,Italian,2343.33,36.0,4.7
F00260,C0213,Tandoori House,Indian,1652.71,27.0,2.0
F00261,C0148,Cafe 24,Fast Food,2709.04,40.0,4.5
F00262,C0005,Cafe 24,Fast Food,364.3,40.0,4.3
F00263,C0069,Urban Bites,Indian,2839.61,39.0,3.1
F00264,C0138,Tandoori House,Fast Food,845.29,52.0,1.7
F00265,C0053,Spice Hub,Chinese,506.24,44.0,3.4
F00266,C0063,Spice Hub,Chinese,1288.45,51.0,4.4
F00267,C0224,Spice Hub,Italian,2874.15,47.0,1.7
F00268,C0067,Cafe 24,Fast Food,2414.35,21.0,1.3
F00269,C0165,Spice Hub,Chinese,1579.25,22.0,1.0
F00270,C0077,Urban Bites,Fast Food,2130.8,30.0,1.8
F00271,C0046,Cafe 24,Indian,632.31,33.0,4.4
F00272,C0107,Green Bowl,Fast Food,373.21,20.0,2.8
F00273,C0100,Cafe 24,Indian,1049.67,29.0,1.5
F00274,C0172,Cafe 24,Indian,2522.68,49.0,2.8
F00275,C0012,Spice Hub,Fast Food,1399.01,28.0,4.7
F00276,C0034,Urban Bites,Indian,704.8,33.0,1.4
F00277,C0132,Urban Bites,Indian,1626.45,19.0,3.1
F00278,C0042,Tandoori House,Indian,1518.64,41.0,4.2
F00279,C0188,Green Bowl,Italian,1190.61,32.0,3.5
F00280,C0096,Tandoori House,Chinese,2403.16,41.0,1.3
F00281,C0003,Urban Bites,Italian,406.47,26.0,2.5
F00282,C0088,Cafe 24,Chinese,978.49,36.0,1.4
F00283,C0029,Green Bowl,Italian,2203.52,30.0,2.4
F00284,C0075,Green Bowl,Indian,682.02,38.0,1.7
F00285,C0159,Spice Hub,Indian,2919.61,39.0,3.6
F00286,C0046,Cafe 24,Italian,2696.32,31.0,1.9
F00287,C0145,Green Bowl,Indian,2147.83,56.0,3.1
F00288,C0226,Tandoori House,Indian,1987.82,33.0,1.7
F00289,C0163,Green Bowl,Indian,925.2,26.0,3.0
F00290,C0105,Green Bowl,Chinese,2837.59,41.0,2.8
F00291,C0135,Spice Hub,Fast Food,487.97,25.0,1.8
F00292,C0145,Urban Bites,Fast Food,231.61,46.0,1.5
F00293,C0106,Urban Bites,Indian,902.41,32.0,1.9
F00294,C0036,Green Bowl,Indian,2705.26,26.0,3.2
F00295,C0002,Tandoori House,Fast Food,276.27,36.0,3.3
F00296,C0165,Cafe 24,Fast Food,203.62,44.0,1.7
F00297,C0038,Tandoori House,Chinese,651.28,43.0,4.6
F00298,C0119,Cafe 24,Fast Food,751.93,39.0,4.1
F00299,C0148,Green Bowl,Italian,2822.4,55.0,4.5
F00300,C0160,Spice Hub,Chinese,1903.56,32.0,3.3
F00301,C0145,Tandoori House,Chinese,2639.55,32.0,1.7
F00302,C0013,Cafe 24,Chinese,631.92,53.0,2.5
F00303,C0137,Spice Hub,Fast Food,2898.07,28.0,2.2
F00304,C0121,Urban Bites,Italian,2371.86,45.0,1.7
F00305,C0029,Cafe 24,Italian,1538.65,45.0,1.2
F00306,C0206,Green Bowl,Indian,223.52,20.0,3.6
F00307,C0151,Green Bowl,Indian,942.9,42.0,4.1
F00308,C0069,Cafe 24,Italian,549.74,25.0,3.4
F00309,C0155,Spice Hub,Indian,2727.78,34.0,4.3
F00310,C0099,Tandoori House,Fast Food,735.31,29.0,1.7
F00311,C0193,Cafe 24,Italian,1234.59,26.0,2.1
F00312,C0114,Urban Bites,Italian,1958.72,26.0,4.6
F00313,C0071,Urban Bites,Indian,235.26,28.0,1.4
F00314,C0200,Cafe 24,Chinese,1314.31,38.0,4.7
F00315,C0135,Urban Bites,Indian,2597.75,33.0,3.5
F00316,C0111,Cafe 24,Indian,1110.81,33.0,1.5
F00317,C0042,Urban Bites,Chinese,2085.2,51.0,2.8
F00318,C0149,Green Bowl,Chinese,2655.96,33.0,1.7
F00319,C0163,Green Bowl,Italian,555.32,17.0,1.0
F00320,C0074,Green Bowl,Chinese,2449.62,50.0,1.3
F00321,C0213,Tandoori House,Chinese,2487.99,33.0,3.1
F00322,C0187,Urban Bites,Italian,1762.56,22.0,2.9
F00323,C0189,Cafe 24,Chinese,2854.48,26.0,2.6
F00324,C0110,Spice Hub,Fast Food,719.56,26.0,1.6
F00325,C0126,Green Bowl,Chinese,2733.49,53.0,4.8
F00326,C0026,Green Bowl,Chinese,2413.54,42.0,1.7
F00327,C0151,Cafe 24,Fast Food,426.06,41.0,2.8
F00328,C0212,Tandoori House,Chinese,2260.39,44.0,3.1
F00329,C0002,Cafe 24,Chinese,960.94,27.0,3.3
F00330,C0181,Tandoori House,Fast Food,1220.58,33.0,4.7
F00331,C0182,Green Bowl,Italian,1439.41,11.0,3.8
F00332,C0171,Green Bowl,Chinese,2957.35,31.0,2.9
F00333,C0185,Urban Bites,Italian,1234.23,25.0,2.5
F00334,C0227,Spice Hub,Italian,245.27,37.0,1.4
F00335,C0199,Urban Bites,Italian,1665.13,30.0,3.5
F00336,C0050,Urban Bites,Italian,1926.22,30.0,3.1
F00337,C0092,Spice Hub,Italian,2825.38,38.0,1.7
F00338,C0006,Spice Hub,Italian,683.23,27.0,1.1
F00339,C0121,Cafe 24,Chinese,476.68,13.0,4.6
F00340,C0156,Spice Hub,Chinese,1783.12,57.0,3.2
F00341,C0012,Tandoori House,Indian,1192.66,31.0,4.2
F00342,C0126,Cafe 24,Fast Food,1259.98,32.0,3.1
F00343,C0181,Cafe 24,Indian,901.08,20.0,5.0
F00344,C0028,Green Bowl,Italian,2407.71,29.0,3.0
F00345,C0021,Urban Bites,Indian,1747.08,39.0,3.2
F00346,C0126,Green Bowl,Fast Food,2128.65,49.0,1.2
F00347,C0109,Spice Hub,Chinese,153.76,35.0,1.5
F00348,C0060,Tandoori House,Italian,593.31,47.0,2.2
F00349,C0028,Urban Bites,Fast Food,1147.23,34.0,2.9
F00350,C0003,Tandoori House,Fast Food,841.96,38.0,3.6
F00351,C0206,Spice Hub,Fast Food,2802.39,26.0,4.1
F00352,C0093,Spice Hub,Italian,2499.81,14.0,4.3
F00353,C0070,Green Bowl,Indian,1110.53,32.0,1.7
F00354,C0049,Tandoori House,Indian,2385.02,26.0,3.2
F00355,C0154,Tandoori House,Indian,526.75,32.0,4.0
F00356,C0093,Cafe 24,Fast Food,2888.03,18.0,2.0
F00357,C0202,Green Bowl,Fast Food,1443.84,37.0,2.3
F00358,C0108,Tandoori House,Fast Food,2593.94,46.0,2.7
F00359,C0143,Urban Bites,Chinese,1269.79,37.0,2.4
F00360,C0169,Tandoori House,Indian,1098.34,32.0,3.7
F00361,C0027,Spice Hub,Fast Food,2980.31,41.0,1.5
F00362,C0037,Cafe 24,Chinese,907.0,51.0,1.8
F00363,C0003,Green Bowl,Chinese,1171.14,43.0,3.6
F00364,C0082,Urban Bites,Fast Food,2208.21,42.0,1.8
F00365,C0126,Urban Bites,Fast Food,2009.3,40.0,4.1
F00366,C0203,Spice Hub,Chinese,211.76,47.0,2.5
F00367,C0195,Urban Bites,Chinese,2808.28,37.0,2.1
F00368,C0121,Spice Hub,Fast Food,2463.42,38.0,1.6
F00369,C0154,Urban Bites,Chinese,1152.46,10.0,4.2
F00370,C0187,Cafe 24,Indian,1461.38,38.0,4.9
F00371,C0123,Tandoori House,Italian,1960.43,17.0,1.1
F00372,C0195,Spice Hub,Chinese,1066.56,37.0,4.3
F00373,C0204,Green Bowl,Italian,783.69,43.0,2.1
F00374,C0018,Cafe 24,Indian,195.98,38.0,2.3
F00375,C0016,Urban Bites,Chinese,2313.35,35.0,1.1
F00376,C0104,Cafe 24,Chinese,1963.64,21.0,3.0
F00377,C0174,Green Bowl,Indian,2768.49,28.0,4.9
F00378,C0088,Cafe 24,Fast Food,1373.95,22.0,2.1
F00379,C0092,Spice Hub,Italian,1514.35,27.0,2.3
