department_id,department,city,manager_level
D001,Marketing,Mumbai,Mid
D002,Marketing,Patna,Junior
D003,IT,Delhi,Junior
D004,Sales,Bangalore,Junior
D005,HR,Bangalore,Junior
D006,Marketing,Patna,Junior
D007,Finance,Pune,Mid
D008,Finance,Mumbai,Senior
D009,Marketing,Mumbai,Mid
D010,Marketing,Bangalore,Senior
D011,HR,Pune,Mid
D012,Finance,Mumbai,Junior
D013,Operations,Mumbai,Mid
D014,Marketing,Bangalore,Senior
D015,Finance,Pune,Junior
D016,Finance,Bangalore,Senior
D017,Finance,Mumbai,Mid
D018,IT,Pune,Senior
D019,IT,Delhi,Junior
D020,Sales,Patna,Senior
D021,IT,Patna,Junior
D022,Sales,Patna,Junior
D023,Operations,Bangalore,Junior
D024,Marketing,Mumbai,Senior
D025,Sales,Bangalore,Mid
D026,Finance,Bangalore,Mid
D027,Marketing,Bangalore,Senior
D028,Marketing,Mumbai,Junior
D029,Sales,Delhi,Mid
D030,Sales,Bangalore,Senior
D031,Sales,Mumbai,Junior
D032,Finance,Pune,Senior
D033,IT,Patna,Mid
D034,HR,Delhi,Senior
