employee_id,department_id,designation,salary,experience_years,performance_score
E00001,D009,Analyst,170436.31,16.6,4.13
E00002,D020,Executive,32522.64,3.6,4.89
E00003,D002,Engineer,174008.88,16.3,4.33
E00004,D005,Consultant,31992.07,8.3,4.6
E00005,D027,Executive,141530.98,14.8,2.03
E00006,D022,Engineer,102848.61,2.6,3.85
E00007,D027,Analyst,106712.95,6.1,4.43
E00008,D020,Analyst,133810.03,5.0,4.65
E00009,D015,Engineer,64171.73,3.0,3.79
E00010,D003,Engineer,110643.76,0.7,2.09
E00011,D033,Manager,56868.26,1.1,2.53
E00012,D034,Analyst,96994.41,6.7,1.36
E00013,D031,Engineer,94232.31,7.0,1.81
E00014,D015,Executive,80755.9,5.3,2.61
E00015,D015,Consultant,102129.17,16.0,4.81
E00016,D034,Manager,31404.71,4.6,3.73
E00017,D007,Analyst,77549.55,14.9,3.66
E00018,D019,Consultant,172298.27,2.2,2.66
E00019,D010,Analyst,165414.78,13.7,4.22
E00020,D024,Engineer,77396.77,9.0,4.17
E00021,D012,Engineer,147086.91,14.8,1.28
E00022,D013,Analyst,116179.2,5.3,2.16
E00023,D018,Engineer,170132.64,14.4,4.13
E00024,D011,Engineer,102598.2,14.4,1.5
E00025,D023,Engineer,63661.22,11.9,4.89
E00026,D022,Consultant,92671.35,4.3,2.07
E00027,D014,Engineer,134541.12,17.9,1.95
E00028,D025,Consultant,142878.47,16.3,1.78
E00029,D032,Consultant,88148.97,5.2,1.65
E00030,D007,Manager,142816.54,4.6,1.57
E00031,D019,Manager,162581.49,13.0,1.92
E00032,D025,Consultant,125867.6,0.9,4.34
E00033,D026,Engineer,162960.5,17.5,2.99
E00034,D021,Manager,64835.81,10.3,3.31
E00035,D019,Engineer,74639.02,6.5,4.83
E00036,D015,Executive,112033.18,0.8,2.14
E00037,D020,Engineer,127391.08,6.7,3.08
E00038,D024,Manager,38615.19,17.1,4.62
E00039,D027,Consultant,144958.07,5.8,3.18
E00040,D009,Manager,90483.68,7.6,3.44
E00041,D032,Analyst,120689.19,3.2,3.72
E00042,D017,Analyst,162394.29,5.2,2.36
E00043,D006,Consultant,87600.45,8.8,1.42
E00044,D030,Consultant,138521.31,12.4,2.22
E00045,D007,Executive,174459.97,16.4,2.95
E00046,D001,Consultant,94283.88,2.3,2.48
E00047,D027,Executive,48782.02,2.6,1.08
E00048,D001,Engineer,41960.37,15.8,4.73
E00049,D007,Engineer,64410.77,10.6,4.39
E00050,D029,Executive,69554.07,17.4,3.56
E00051,D022,Engineer,124877.57,4.1,2.87
E00052,D014,Engineer,99144.16,1.4,1.26
E00053,D021,Consultant,179986.23,6.5,4.99
E00054,D008,Consultant,52518.66,14.8,1.63
E00055,D027,Executive,159519.31,12.2,2.71
E00056,D013,Manager,147803.62,4.3,2.65
E00057,D011,Executive,169667.35,11.3,3.79
E00058,D033,Engineer,38693.8,10.4,3.64
E00059,D025,Executive,115997.9,0.9,1.96
E00060,D010,Consultant,137397.86,8.5,4.27
E00061,D020,Consultant,107093.09,6.6,2.35
E00062,D005,Manager,140462.91,9.2,3.78
E00063,D026,Consultant,133940.59,2.2,3.76
E00064,D006,Consultant,137001.14,16.3,2.13
E00065,D011,Analyst,94026.15,13.1,3.03
E00066,D027,Consultant,172885.34,14.0,4.9
E00067,D002,Analyst,178754.72,2.7,3.37
E00068,D011,Manager,168622.26,12.8,2.54
E00069,D018,Analyst,69378.09,5.1,2.39
E00070,D027,Engineer,100977.51,4.0,3.93
E00071,D015,Engineer,64578.91,15.4,1.44
E00072,D029,Analyst,50395.22,17.3,3.99
E00073,D027,Executive,160797.32,0.5,4.14
E00074,D013,Executive,51259.6,14.2,2.88
E00075,D029,Analyst,168602.02,16.7,3.52
E00076,D017,Consultant,72375.97,9.3,2.58
E00077,D009,Executive,157046.51,12.9,4.59
E00078,D016,Analyst,46498.41,3.7,4.06
E00079,D030,Analyst,52455.67,16.8,2.9
E00080,D012,Consultant,61084.35,11.8,2.39
E00081,D018,Engineer,150089.3,14.0,1.36
E00082,D034,Manager,169630.68,12.3,1.45
E00083,D015,Analyst,120483.06,5.5,3.19
E00084,D021,Consultant,55111.06,5.7,1.66
E00085,D024,Manager,142620.11,13.1,4.18
E00086,D005,Consultant,139799.64,15.6,1.69
E00087,D005,Consultant,136442.72,13.1,2.63
E00088,D024,Manager,79644.1,11.4,1.94
E00089,D020,Manager,47152.07,14.4,1.95
E00090,D006,Consultant,51202.66,5.2,4.1
E00091,D034,Executive,44936.02,8.6,1.56
E00092,D010,Analyst,32573.83,10.5,3.58
E00093,D003,Engineer,93910.5,3.7,4.18
E00094,D029,Engineer,93515.39,5.4,3.83
E00095,D001,Analyst,114097.68,12.7,1.3
E00096,D022,Manager,85491.29,3.5,1.23
E00097,D029,Executive,163496.26,3.6,3.88
E00098,D028,Analyst,125668.63,14.6,4.7
E00099,D022,Executive,142442.41,14.7,1.26
E00100,D030,Engineer,33128.82,11.9,1.08
E00101,D022,Engineer,77332.54,13.5,4.49
E00102,D012,Manager,123347.0,10.9,3.78
E00103,D016,Analyst,71236.94,6.5,3.37
E00104,D018,Consultant,94902.5,3.3,4.6
E00105,D001,Engineer,69217.39,10.2,3.86
E00106,D015,Engineer,60519.16,5.4,1.11
E00107,D019,Engineer,136918.32,4.5,3.98
E00108,D011,Executive,145682.98,1.7,1.93
E00109,D014,Consultant,88096.96,1.0,1.73
E00110,D025,Executive,82922.26,1.4,1.14
E00111,D015,Executive,64088.01,10.1,3.88
E00112,D018,Manager,122243.35,0.5,3.1
E00113,D024,Engineer,32564.13,8.9,3.35
E00114,D007,Analyst,102667.03,5.3,2.18
E00115,D028,Executive,38576.99,11.2,3.59
E00116,D006,Consultant,118122.06,10.7,1.68
E00117,D011,Manager,114485.66,8.7,3.53
E00118,D002,Executive,142655.95,1.3,2.33
E00119,D017,Manager,175918.16,13.3,2.97
E00120,D012,Consultant,165017.33,1.0,2.71
E00121,D033,Consultant,31359.56,15.1,2.42
E00122,D016,Consultant,55785.12,4.7,1.78
E00123,D006,Engineer,91780.31,12.5,2.08
E00124,D017,Consultant,165860.33,12.3,4.19
E00125,D004,Consultant,133713.05,12.4,3.09
E00126,D013,Executive,82826.14,8.4,1.63
E00127,D004,Manager,53519.66,5.0,4.19
E00128,D023,Manager,123868.23,17.4,4.38
E00129,D006,Analyst,114537.04,6.5,4.02
E00130,D032,Manager,56118.04,11.6,2.32
E00131,D010,Manager,159148.61,17.0,3.41
E00132,D024,Analyst,129867.67,11.2,4.16
E00133,D024,Analyst,65964.91,0.6,4.58
E00134,D032,Engineer,159882.62,12.7,1.65
E00135,D032,Executive,140077.98,7.2,1.27
E00136,D007,Engineer,91858.43,5.0,4.94
E00137,D011,Engineer,75630.14,3.9,3.36
E00138,D028,Analyst,153915.61,12.4,4.52
E00139,D002,Analyst,85919.19,13.3,2.9
E00140,D020,Manager,171010.17,11.4,2.33
E00141,D014,Analyst,86842.86,0.6,3.51
E00142,D013,Manager,123843.71,13.8,3.45
E00143,D017,Engineer,109103.99,10.0,2.9
E00144,D008,Analyst,60322.83,2.3,4.32
E00145,D020,Executive,67837.87,7.0,2.33
E00146,D006,Engineer,42088.92,15.0,4.22
E00147,D017,Analyst,73403.41,17.3,4.38
E00148,D031,Consultant,74382.4,13.8,4.48
E00149,D003,Analyst,55499.28,9.3,4.07
E00150,D027,Executive,108547.45,6.5,3.2
E00151,D031,Analyst,132281.88,2.2,4.23
E00152,D022,Manager,163731.63,15.3,1.65
E00153,D024,Manager,99262.49,12.2,3.41
E00154,D021,Manager,84535.41,4.1,2.94
E00155,D029,Consultant,131543.44,0.7,3.44
E00156,D017,Executive,125192.56,6.0,3.45
E00157,D004,Engineer,115798.92,9.9,3.99
E00158,D034,Executive,142055.4,12.7,1.81
E00159,D007,Consultant,91951.02,7.6,2.96
E00160,D029,Executive,78899.11,4.9,4.1
E00161,D028,Analyst,124422.18,2.7,2.12
E00162,D018,Manager,63664.36,13.7,2.86
E00163,D028,Engineer,155851.16,12.4,3.8
E00164,D022,Manager,157965.74,1.9,3.19
E00165,D007,Analyst,87189.66,17.0,1.44
E00166,D018,Consultant,38263.84,1.0,2.57
E00167,D021,Consultant,131808.19,8.9,3.76
E00168,D008,Executive,177389.83,7.9,3.63
E00169,D001,Manager,82997.04,8.2,3.18
E00170,D020,Engineer,148017.06,15.7,4.36
E00171,D025,Engineer,76405.62,11.1,3.65
E00172,D030,Executive,59300.19,9.0,4.91
E00173,D005,Analyst,64313.31,8.4,3.97
E00174,D003,Manager,144307.01,6.4,4.77
E00175,D021,Manager,167081.68,1.5,1.26
E00176,D032,Executive,80554.82,12.1,1.6
E00177,D012,Consultant,159633.03,10.0,3.58
E00178,D028,Executive,68244.59,15.3,2.36
E00179,D030,Manager,43732.36,18.0,3.38
E00180,D009,Executive,169128.7,9.5,1.44
E00181,D010,Analyst,105573.96,10.8,1.24
E00182,D012,Consultant,163997.38,6.2,1.26
E00183,D024,Manager,168584.74,14.3,3.93
E00184,D003,Engineer,161365.25,3.6,1.0
E00185,D011,Analyst,132119.22,2.2,1.27
E00186,D002,Consultant,137803.21,11.7,1.31
E00187,D011,Consultant,36914.12,15.9,3.76
E00188,D008,Executive,147127.06,4.7,4.82
E00189,D017,Manager,115565.85,13.0,1.57
E00190,D021,Executive,179143.09,5.9,2.32
E00191,D009,Executive,80297.33,9.6,4.36
E00192,D003,Executive,138745.65,11.2,1.11
E00193,D002,Analyst,135930.45,5.7,1.73
E00194,D011,Consultant,73788.47,7.2,4.96
E00195,D033,Executive,130467.67,12.9,1.42
E00196,D025,Engineer,58469.89,17.4,2.55
E00197,D010,Engineer,124804.08,5.8,4.36
E00198,D029,Manager,120077.06,13.9,4.4
E00199,D032,Manager,48515.09,4.5,1.85
E00200,D012,Engineer,156589.98,13.0,4.23
E00201,D022,Analyst,136880.5,15.4,4.27
E00202,D017,Executive,59505.87,3.2,3.99
E00203,D016,Consultant,130286.93,5.2,1.77
E00204,D006,Engineer,58120.24,7.0,3.29
E00205,D007,Analyst,57288.1,17.5,1.78
E00206,D022,Analyst,138748.21,13.2,1.95
E00207,D005,Manager,91324.43,16.8,3.16
E00208,D033,Engineer,31710.44,5.9,2.0
E00209,D031,Consultant,166591.47,1.4,1.86
E00210,D003,Executive,113953.61,7.5,4.12
E00211,D017,Executive,104281.34,11.9,2.87
E00212,D026,Executive,88597.37,5.1,3.74
E00213,D013,Engineer,62143.68,8.1,4.65
E00214,D023,Manager,41555.33,5.9,4.42
E00215,D029,Engineer,134519.85,17.9,2.08
E00216,D002,Analyst,95623.89,0.9,3.85
E00217,D027,Analyst,80344.78,15.3,2.09
E00218,D021,Consultant,86312.36,2.0,2.05
E00219,D027,Analyst,92410.77,11.9,4.76
E00220,D032,Executive,157440.42,11.0,2.56
E00221,D031,Manager,31533.93,17.6,3.01
E00222,D002,Manager,38565.04,2.6,3.84
E00223,D028,Executive,50601.81,16.0,4.87
E00224,D012,Consultant,87218.24,9.2,4.53
E00225,D034,Manager,166436.99,6.4,4.11
E00226,D012,Executive,113591.79,18.0,1.67
E00227,D009,Analyst,59082.27,13.9,4.88
E00228,D021,Manager,35992.55,9.6,3.25
E00229,D022,Analyst,129568.24,5.6,1.63
E00230,D032,Engineer,118445.03,16.1,2.14
E00231,D019,Engineer,124509.07,15.3,4.77
E00232,D020,Manager,114728.82,9.9,4.59
E00233,D030,Consultant,143589.0,1.7,3.5
E00234,D018,Manager,54078.58,17.0,2.93
E00235,D024,Manager,59536.48,15.5,3.75
E00236,D010,Analyst,57729.74,16.3,2.92
E00237,D019,Consultant,92420.79,7.7,2.47
E00238,D030,Consultant,99084.04,2.4,2.94
E00239,D014,Engineer,109017.1,8.9,4.59
E00240,D023,Manager,150478.09,17.0,3.6
E00241,D018,Executive,100316.46,8.3,4.38
E00242,D011,Analyst,179248.83,7.3,4.01
E00243,D032,Executive,69815.09,1.2,1.16
E00244,D033,Executive,65176.49,7.8,1.91
E00245,D014,Manager,156479.84,16.5,4.36
E00246,D016,Engineer,31568.1,17.6,2.86
E00247,D006,Executive,155368.8,10.3,1.12
E00248,D031,Manager,39954.35,6.9,3.04
E00249,D004,Manager,177724.11,9.4,1.44
E00250,D030,Engineer,172664.63,7.1,2.63
E00251,D032,Consultant,125738.95,16.7,2.86
E00252,D026,Engineer,43274.37,16.7,3.0
E00253,D022,Engineer,70615.85,17.8,2.65
E00254,D002,Analyst,157399.24,6.0,4.86
E00255,D028,Analyst,91101.01,4.4,2.93
E00256,D015,Manager,88401.1,16.0,4.01
E00257,D017,Engineer,75580.39,8.9,2.89
E00258,D029,Consultant,48685.45,13.3,1.35
E00259,D024,Manager,166406.45,5.8,1.8
E00260,D022,Engineer,66190.77,15.7,3.24
E00261,D016,Executive,103911.26,2.0,4.97
E00262,D033,Engineer,63606.37,12.0,4.13
E00263,D012,Consultant,103099.87,11.2,3.76
E00264,D017,Executive,65572.14,17.6,2.06
E00265,D019,Engineer,67081.18,7.0,4.09
E00266,D007,Analyst,165167.62,13.6,3.33
E00267,D025,Consultant,155824.3,17.0,3.99
E00268,D013,Analyst,151966.01,1.8,1.84
E00269,D025,Executive,171379.6,3.0,1.98
E00270,D018,Analyst,126422.15,6.6,4.71
E00271,D006,Engineer,63547.61,6.1,1.18
E00272,D031,Manager,152206.06,1.6,2.96
E00273,D016,Executive,107925.91,11.2,2.23
E00274,D021,Manager,139800.97,9.5,4.0
E00275,D012,Engineer,41128.43,16.9,4.66
E00276,D031,Consultant,79851.62,17.2,1.68
E00277,D007,Consultant,62786.95,13.4,3.93
E00278,D011,Executive,85758.34,13.4,3.43
E00279,D002,Engineer,110566.62,17.3,2.48
E00280,D033,Analyst,150067.75,15.3,1.65
E00281,D026,Engineer,159635.63,2.2,4.36
E00282,D002,Consultant,174354.78,5.3,4.73
E00283,D017,Analyst,137295.68,16.1,3.77
E00284,D028,Executive,163487.12,12.2,1.07
E00285,D023,Manager,69425.67,9.1,2.97
E00286,D010,Consultant,169206.83,7.8,1.65
E00287,D033,Analyst,132587.88,11.1,2.68
E00288,D007,Analyst,57189.68,17.4,4.24
E00289,D024,Manager,98179.65,6.9,1.41
E00290,D034,Analyst,80734.62,3.4,4.57
E00291,D011,Analyst,32041.04,17.9,4.37
E00292,D029,Manager,149203.73,15.4,2.73
E00293,D002,Analyst,69299.9,10.7,4.35
E00294,D015,Consultant,146944.42,7.0,2.62
E00295,D006,Analyst,164069.29,8.6,2.02
E00296,D031,Engineer,164701.78,11.4,1.49
E00297,D020,Engineer,93713.65,7.7,1.45
E00298,D030,Manager,98089.64,3.1,4.4
E00299,D029,Consultant,77865.92,13.8,3.32
E00300,D024,Executive,165055.85,8.6,3.12
E00301,D021,Engineer,150810.39,12.4,4.08
E00302,D023,Analyst,50817.05,5.8,2.57
E00303,D023,Analyst,58892.05,9.6,1.77
E00304,D027,Manager,45366.41,13.7,1.79
E00305,D003,Manager,33599.14,3.5,3.39
E00306,D025,Executive,171657.51,16.6,4.31
E00307,D011,Engineer,76956.77,12.8,2.11
E00308,D008,Executive,166538.66,16.6,1.58
E00309,D028,Manager,137982.51,1.2,1.05
E00310,D002,Analyst,137192.65,10.5,3.23
E00311,D005,Analyst,76416.17,4.5,4.6
E00312,D018,Analyst,98505.91,6.7,4.77
E00313,D009,Executive,85542.73,17.5,2.63
E00314,D002,Consultant,70026.93,3.4,4.64
E00315,D025,Manager,101439.62,15.6,1.63
E00316,D001,Engineer,158762.69,15.1,2.81
E00317,D015,Analyst,83346.38,15.6,4.87
E00318,D008,Analyst,137133.42,5.5,2.64
E00319,D018,Analyst,137134.12,6.6,3.36
E00320,D003,Manager,128021.44,9.0,1.27
E00321,D033,Analyst,153909.26,8.4,1.44
E00322,D023,Executive,97996.44,15.5,2.06
E00323,D027,Consultant,95995.77,16.8,4.34
E00324,D005,Analyst,104334.07,9.0,2.92
E00325,D009,Executive,48200.36,13.9,2.03
E00326,D034,Engineer,75499.49,9.1,1.3
E00327,D026,Executive,83441.73,1.8,1.37
E00328,D008,Executive,142127.83,7.2,2.64
E00329,D034,Analyst,108778.26,8.0,1.55
E00330,D017,Executive,171085.91,9.9,4.0
E00331,D030,Manager,170164.87,2.2,2.26
E00332,D006,Consultant,106895.49,8.9,4.12
E00333,D012,Executive,60145.81,4.3,4.97
E00334,D023,Engineer,58154.97,13.0,3.52
E00335,D017,Analyst,110498.25,13.3,1.1
E00336,D011,Engineer,163518.88,17.2,2.87
E00337,D004,Engineer,120572.67,1.8,3.35
E00338,D022,Executive,174636.58,5.6,4.09
E00339,D027,Manager,167763.77,3.8,4.62
E00340,D027,Manager,156669.71,6.5,4.36
E00341,D033,Analyst,177104.48,4.1,3.83
E00342,D028,Analyst,176444.39,9.4,2.29
E00343,D018,Consultant,58703.8,9.0,3.36
E00344,D026,Manager,72954.12,0.7,3.69
E00345,D034,Executive,105173.92,5.6,1.66
E00346,D012,Executive,177801.85,14.7,2.52
E00347,D023,Engineer,36074.26,9.0,3.93
E00348,D019,Analyst,41929.19,10.4,3.12
E00349,D002,Consultant,164418.76,1.2,4.63
E00350,D016,Consultant,172053.19,1.5,1.89
E00351,D016,Manager,140795.04,2.9,4.42
E00352,D024,Consultant,146818.55,9.6,2.76
E00353,D034,Analyst,157619.67,11.5,1.72
E00354,D005,Analyst,134905.72,16.7,4.84
E00355,D022,Executive,30689.41,10.4,4.01
E00356,D007,Engineer,112861.21,4.0,1.67
E00357,D009,Consultant,118971.46,3.2,3.56
E00358,D004,Executive,159359.63,3.9,1.48
E00359,D030,Engineer,113144.08,4.9,4.64
E00360,D007,Consultant,40156.47,11.7,1.45
E00361,D028,Manager,106704.98,1.9,3.3
E00362,D010,Engineer,170883.23,7.1,1.28
E00363,D024,Manager,161963.14,16.3,4.96
E00364,D032,Engineer,160841.96,10.6,4.83
E00365,D015,Engineer,162511.72,2.1,3.75
E00366,D012,Engineer,150242.75,3.2,3.93
E00367,D020,Manager,37142.05,13.9,2.12
E00368,D024,Manager,145843.79,16.6,2.73
E00369,D015,Consultant,61236.92,5.6,1.2
E00370,D001,Manager,55204.37,6.8,4.73
E00371,D001,Analyst,105998.18,17.6,2.84
E00372,D002,Executive,140247.51,9.0,1.8
E00373,D015,Engineer,69367.05,16.0,1.69
E00374,D015,Consultant,88696.44,1.7,3.43
E00375,D005,Consultant,73545.17,5.1,3.52
E00376,D029,Analyst,130184.57,11.3,3.65
E00377,D009,Manager,43326.17,11.5,3.15
E00378,D033,Analyst,174765.27,16.4,2.91
E00379,D005,Engineer,81744.6,16.7,2.23
E00380,D029,Analyst,85902.76,4.3,3.71
E00381,D023,Executive,67924.76,16.0,3.18
E00382,D031,Analyst,118060.46,0.7,1.99
E00383,D028,Consultant,40180.53,14.4,3.97
E00384,D004,Consultant,43087.6,5.6,1.98
E00385,D022,Manager,48117.51,10.6,1.01
E00386,D014,Engineer,58811.33,16.0,2.86
E00387,D006,Consultant,104298.52,7.1,4.39
E00388,D027,Analyst,110207.86,1.5,1.94
E00389,D017,Manager,137227.65,14.7,2.33
