plant_id,plant_name,city,plant_type
PL001,Plant_B,Delhi,Component
PL002,Plant_A,Bangalore,Assembly
PL003,Plant_A,Delhi,Component
PL004,Plant_A,Delhi,Packaging
PL005,Plant_D,Pune,Packaging
PL006,Plant_B,Chennai,Assembly
PL007,Plant_D,Bangalore,Assembly
PL008,Plant_C,Delhi,Assembly
PL009,Plant_D,Bangalore,Component
PL010,Plant_C,Delhi,Assembly
PL011,Plant_D,Chennai,Assembly
PL012,Plant_D,Chennai,Packaging
PL013,Plant_A,Bangalore,Assembly
PL014,Plant_C,Pune,Component
PL015,Plant_C,Bangalore,Assembly
PL016,Plant_B,Pune,Packaging
PL017,Plant_C,Delhi,Component
PL018,Plant_D,Chennai,Packaging
PL019,Plant_A,Delhi,Component
PL020,Plant_C,Bangalore,Assembly
PL021,Plant_C,Chennai,Packaging
PL022,Plant_A,Delhi,Packaging
PL023,Plant_A,Delhi,Packaging
PL024,Plant_D,Bangalore,Component
PL025,Plant_A,Pune,Assembly
PL026,Plant_C,Pune,Packaging
PL027,Plant_C,Chennai,Packaging
PL028,Plant_C,Delhi,Assembly
PL029,Plant_D,Delhi,Assembly
PL030,Plant_B,Chennai,Packaging
PL031,Plant_C,Delhi,Assembly
PL032,Plant_A,Chennai,Packaging
PL033,Plant_C,Bangalore,Packaging
PL034,Plant_A,Bangalore,Component
