production_id,plant_id,product,units_produced,defective_units,machine_hours,production_cost
PR00001,PL002,Controller,492,52,23.2,215000.44
PR00002,PL004,Controller,2114,86,14.0,98840.52
PR00003,PL009,Controller,2598,135,17.2,147992.18
PR00004,PL001,Valve,365,5,23.4,149042.72
PR00005,PL030,Sensor,2650,91,19.6,46556.26
PR00006,PL021,Controller,1343,48,17.5,42263.29
PR00007,PL026,Motor,1306,11,20.4,172344.42
PR00008,PL005,Pump,2077,86,9.9,187714.85
PR00009,PL024,Motor,2966,6,7.2,138254.2
PR00010,PL027,Motor,1631,13,9.4,119502.0
PR00011,PL004,Sensor,700,85,11.1,204931.3
PR00012,PL022,Controller,2386,66,9.3,27470.91
PR00013,PL003,Valve,1275,20,23.2,166151.18
PR00014,PL025,Motor,1115,126,20.4,22437.48
PR00015,PL003,Controller,2198,43,6.8,172498.23
PR00016,PL024,Valve,1821,62,20.8,108166.59
PR00017,PL015,Valve,1510,135,19.0,131544.65
PR00018,PL009,Motor,805,96,19.2,144016.83
PR00019,PL012,Sensor,1081,41,18.5,145659.03
PR00020,PL011,Sensor,1960,8,4.4,213186.78
PR00021,PL011,Sensor,1548,139,15.5,49599.0
PR00022,PL003,Controller,164,69,13.7,213344.29
PR00023,PL015,Valve,1775,35,23.2,148328.63
PR00024,PL026,Pump,850,119,5.8,189819.85
PR00025,PL004,Motor,1261,148,13.3,44616.17
PR00026,PL025,Sensor,498,21,9.1,136404.98
PR00027,PL031,Motor,2697,1,20.9,115254.37
PR00028,PL025,Pump,696,64,13.5,165024.14
PR00029,PL001,Sensor,2010,110,11.9,113314.08
PR00030,PL024,Controller,2244,6,16.9,201647.87
PR00031,PL028,Controller,453,38,9.7,84011.25
PR00032,PL017,Pump,2575,8,10.9,75451.7
PR00033,PL031,Pump,2970,65,7.3,235416.07
PR00034,PL019,Pump,2241,109,11.5,159698.79
PR00035,PL026,Controller,2960,142,13.4,199807.3
PR00036,PL018,Controller,1712,138,17.6,87029.6
PR00037,PL029,Controller,2769,73,23.1,191654.14
PR00038,PL027,Valve,1215,12,12.1,225387.05
PR00039,PL031,Motor,1108,132,6.7,18307.65
PR00040,PL008,Motor,519,114,22.1,64069.31
PR00041,PL016,Pump,961,77,20.7,215535.21
PR00042,PL022,Pump,1594,82,21.7,155637.08
PR00043,PL023,Pump,2581,83,9.9,14121.13
PR00044,PL030,Valve,958,59,13.6,248238.13
PR00045,PL012,Sensor,2052,97,9.2,222619.4
PR00046,PL019,Controller,1556,115,10.4,235722.65
PR00047,PL014,Sensor,1361,13,23.0,210803.48
PR00048,PL033,Pump,1310,17,20.1,164581.53
PR00049,PL015,Controller,1668,26,12.1,15546.17
PR00050,PL002,Motor,1248,42,6.9,31059.23
PR00051,PL010,Pump,1044,37,5.8,173571.72
PR00052,PL019,Valve,2194,70,6.1,189143.62
PR00053,PL034,Sensor,1319,91,13.3,78413.46
PR00054,PL021,Controller,291,105,23.2,117262.54
PR00055,PL001,Controller,2145,124,9.3,108550.83
PR00056,PL016,Sensor,1793,18,9.3,144116.43
PR00057,PL008,Sensor,826,9,4.2,12330.38
PR00058,PL021,Valve,1739,101,13.5,30872.85
PR00059,PL024,Controller,2698,83,15.1,200271.5
PR00060,PL028,Pump,1124,107,7.7,13345.77
PR00061,PL031,Motor,494,75,10.9,20009.51
PR00062,PL023,Valve,2256,62,20.1,145057.75
PR00063,PL003,Pump,2008,140,20.9,190862.3
PR00064,PL028,Valve,1148,50,6.4,20011.14
PR00065,PL002,Pump,701,62,5.8,102903.72
PR00066,PL014,Motor,1494,5,10.7,21588.45
PR00067,PL004,Pump,1102,105,20.5,28682.23
PR00068,PL029,Valve,297,130,12.7,125563.62
PR00069,PL013,Motor,426,97,4.2,105221.76
PR00070,PL002,Valve,687,18,6.2,76090.05
PR00071,PL024,Controller,1498,67,13.3,26895.1
PR00072,PL001,Pump,2869,1,7.1,78939.48
PR00073,PL004,Sensor,174,56,13.0,161247.65
PR00074,PL031,Motor,962,127,19.2,221256.27
PR00075,PL018,Pump,2017,78,23.8,139425.53
PR00076,PL004,Motor,2024,134,18.6,197398.93
PR00077,PL030,Pump,2572,35,7.1,212991.55
PR00078,PL024,Pump,2750,143,19.9,118773.28
PR00079,PL011,Pump,2292,113,9.4,89476.15
PR00080,PL020,Pump,600,50,4.2,73943.92
PR00081,PL001,Controller,2525,96,21.6,115364.66
PR00082,PL005,Pump,996,149,9.9,165657.45
PR00083,PL015,Motor,148,141,5.9,84556.62
PR00084,PL032,Sensor,871,46,7.0,177110.01
PR00085,PL029,Motor,982,69,21.7,163401.46
PR00086,PL018,Pump,369,143,15.2,204867.42
PR00087,PL010,Motor,2993,86,16.1,15509.89
PR00088,PL008,Controller,2410,46,9.8,99514.03
PR00089,PL014,Valve,2859,21,8.1,224044.27
PR00090,PL012,Valve,2363,120,13.2,102555.79
PR00091,PL002,Valve,2117,43,6.6,246586.98
PR00092,PL009,Motor,2095,117,8.7,142998.85
PR00093,PL001,Pump,2865,98,10.8,154146.74
PR00094,PL021,Sensor,398,128,11.0,104846.79
PR00095,PL004,Motor,934,142,14.9,195068.39
PR00096,PL023,Pump,193,11,12.8,78784.7
PR00097,PL017,Valve,1747,119,16.6,204161.68
PR00098,PL031,Controller,1880,51,18.5,226555.22
PR00099,PL005,Pump,1245,148,6.6,87086.53
PR00100,PL019,Valve,2636,24,20.2,27684.45
PR00101,PL017,Motor,1867,78,10.3,218713.65
PR00102,PL001,Motor,1882,72,19.6,230871.95
PR00103,PL034,Pump,1260,144,15.5,111204.21
PR00104,PL002,Valve,2893,30,23.3,58686.3
PR00105,PL004,Motor,248,55,13.1,247102.83
PR00106,PL011,Pump,2090,83,21.2,178883.86
PR00107,PL010,Valve,954,126,5.1,140925.88
PR00108,PL006,Controller,2494,118,6.0,60025.7
PR00109,PL017,Controller,1779,105,11.1,215229.48
PR00110,PL033,Motor,1722,133,13.9,150215.04
PR00111,PL004,Valve,1398,146,16.3,67899.28
PR00112,PL020,Controller,1783,80,20.6,96229.69
PR00113,PL010,Motor,1068,133,4.1,105475.51
PR00114,PL023,Motor,1118,91,4.6,225572.21
PR00115,PL012,Pump,2613,50,5.1,95089.06
PR00116,PL003,Sensor,1404,11,6.4,174652.4
PR00117,PL027,Controller,1833,68,19.8,145095.15
PR00118,PL028,Sensor,2213,107,20.1,57217.02
PR00119,PL008,Valve,2684,44,14.2,26205.7
PR00120,PL022,Valve,2819,33,23.8,140726.25
PR00121,PL034,Motor,2048,73,20.7,198103.71
PR00122,PL015,Valve,2421,57,19.2,167068.13
PR00123,PL011,Controller,212,40,21.7,172698.94
PR00124,PL003,Pump,1251,132,21.1,170609.22
PR00125,PL030,Controller,1292,89,15.6,182528.63
PR00126,PL032,Pump,1679,43,5.8,178196.16
PR00127,PL028,Valve,1512,61,7.2,27604.8
PR00128,PL034,Controller,1240,89,8.8,49760.46
PR00129,PL032,Valve,162,61,7.3,117145.21
PR00130,PL017,Motor,1758,11,9.9,47995.35
PR00131,PL001,Controller,1590,85,23.6,80927.47
PR00132,PL029,Motor,177,101,23.1,190024.53
PR00133,PL017,Controller,2646,146,17.3,159465.11
PR00134,PL029,Valve,169,113,7.0,163267.18
PR00135,PL033,Motor,1105,53,18.1,181539.51
PR00136,PL034,Controller,1220,15,16.5,84183.14
PR00137,PL025,Motor,2145,147,4.3,227594.78
PR00138,PL014,Controller,1974,14,8.9,211925.39
PR00139,PL013,Motor,896,99,13.1,160080.83
PR00140,PL029,Sensor,1752,49,5.3,148702.0
PR00141,PL012,Sensor,2097,27,19.1,213539.26
PR00142,PL003,Sensor,2573,62,20.9,216694.58
PR00143,PL012,Sensor,2521,126,18.9,231671.38
PR00144,PL018,Controller,1338,138,8.3,172377.76
PR00145,PL024,Sensor,655,3,13.7,205407.25
PR00146,PL014,Motor,1169,49,19.2,38613.93
PR00147,PL012,Pump,325,120,11.6,185060.8
PR00148,PL006,Motor,1663,58,10.4,187209.71
PR00149,PL021,Sensor,2762,9,17.8,184640.52
PR00150,PL022,Valve,414,35,20.4,217770.41
PR00151,PL022,Pump,2361,95,11.2,231421.26
PR00152,PL021,Pump,2294,47,7.6,192247.68
PR00153,PL018,Controller,677,128,19.2,223681.96
PR00154,PL016,Valve,2423,9,11.7,207142.09
PR00155,PL004,Pump,1812,81,4.2,218578.48
PR00156,PL016,Pump,372,125,23.3,118118.8
PR00157,PL025,Controller,1648,42,6.4,111578.64
PR00158,PL032,Valve,1203,117,5.3,173804.75
PR00159,PL007,Pump,2967,123,10.1,206992.02
PR00160,PL021,Pump,1495,110,17.2,195956.11
PR00161,PL034,Controller,2894,92,20.7,66513.12
PR00162,PL029,Sensor,2841,56,13.5,89590.54
PR00163,PL020,Motor,2251,140,12.5,168086.46
PR00164,PL003,Motor,510,64,22.4,155878.55
PR00165,PL014,Motor,1537,99,22.3,16108.68
PR00166,PL009,Pump,339,63,6.6,232499.54
PR00167,PL024,Valve,849,87,23.5,71296.42
PR00168,PL016,Sensor,2277,54,17.1,156876.6
PR00169,PL029,Pump,2402,69,14.2,201036.94
PR00170,PL032,Pump,2896,29,10.2,231480.12
PR00171,PL027,Pump,2661,39,22.7,153110.43
PR00172,PL004,Valve,2142,75,5.2,167200.16
PR00173,PL014,Controller,207,147,13.7,208249.23
PR00174,PL032,Sensor,1153,25,17.8,90847.11
PR00175,PL023,Controller,564,106,19.8,92767.14
PR00176,PL003,Pump,1083,38,14.2,195031.5
PR00177,PL014,Valve,1715,5,7.5,38009.68
PR00178,PL010,Controller,2546,95,19.4,220664.33
PR00179,PL033,Valve,1187,78,23.1,221080.35
PR00180,PL006,Motor,2963,96,4.9,43565.91
PR00181,PL015,Controller,1969,99,8.0,147073.93
PR00182,PL003,Sensor,1094,128,18.6,87777.11
PR00183,PL007,Pump,1110,132,5.0,18432.89
PR00184,PL028,Motor,1892,66,20.5,155153.34
PR00185,PL007,Motor,2079,73,4.2,136437.97
PR00186,PL010,Sensor,314,99,15.1,49783.34
PR00187,PL003,Valve,2563,34,12.4,29820.73
PR00188,PL028,Controller,515,115,8.5,71340.64
PR00189,PL008,Controller,187,90,15.6,88935.5
PR00190,PL019,Motor,2239,42,9.9,238340.04
PR00191,PL034,Sensor,1543,124,8.2,111843.9
PR00192,PL033,Controller,1214,56,4.4,55226.85
PR00193,PL009,Sensor,1500,146,21.5,181965.88
PR00194,PL031,Controller,1984,139,14.2,151043.18
PR00195,PL023,Motor,2712,83,11.0,107957.39
PR00196,PL009,Valve,853,130,7.6,171657.71
PR00197,PL018,Controller,593,103,12.3,87820.19
PR00198,PL011,Pump,1259,128,15.6,34251.32
PR00199,PL032,Sensor,2181,14,6.6,95146.89
PR00200,PL007,Motor,1542,129,8.6,133425.6
PR00201,PL024,Pump,726,91,21.3,222722.02
PR00202,PL009,Sensor,1581,51,5.0,122085.28
PR00203,PL030,Sensor,1253,106,19.8,48389.47
PR00204,PL014,Pump,420,40,18.9,136739.7
PR00205,PL031,Pump,998,134,10.5,95615.04
PR00206,PL006,Pump,412,39,19.4,83171.26
PR00207,PL013,Controller,1489,94,17.6,203898.28
PR00208,PL008,Valve,639,148,19.7,201654.71
PR00209,PL012,Valve,775,27,23.5,89912.99
PR00210,PL007,Controller,2528,138,14.6,78144.97
PR00211,PL018,Pump,628,74,19.0,147015.94
PR00212,PL005,Pump,2619,98,22.4,17274.64
PR00213,PL029,Motor,2244,106,7.4,94657.89
PR00214,PL026,Sensor,1336,124,5.4,59865.17
PR00215,PL028,Pump,1906,16,6.9,139914.76
PR00216,PL009,Valve,2532,63,21.7,146130.97
PR00217,PL018,Motor,2254,144,7.1,103741.39
PR00218,PL014,Sensor,2705,64,14.1,196609.16
PR00219,PL014,Motor,2491,85,17.0,162101.65
PR00220,PL023,Controller,1791,145,8.2,60262.89
PR00221,PL019,Valve,1597,1,20.4,43290.13
PR00222,PL029,Motor,2913,36,22.6,87955.74
PR00223,PL012,Motor,2535,122,6.0,182111.92
PR00224,PL028,Valve,435,71,16.8,16456.9
PR00225,PL029,Valve,1076,112,20.1,122008.19
PR00226,PL016,Controller,360,60,17.9,41703.42
PR00227,PL019,Pump,2572,141,9.5,33204.87
PR00228,PL029,Sensor,2169,66,17.5,134342.51
PR00229,PL014,Motor,1729,98,13.6,193977.89
PR00230,PL008,Sensor,2786,52,23.0,160366.36
PR00231,PL025,Valve,2570,30,16.9,30554.08
PR00232,PL025,Sensor,663,112,22.6,93594.66
PR00233,PL024,Sensor,1494,6,6.5,66279.93
PR00234,PL022,Motor,475,139,18.4,191004.19
PR00235,PL018,Motor,517,41,7.5,58998.89
PR00236,PL033,Motor,2261,83,6.9,72575.88
PR00237,PL007,Valve,2764,139,17.9,192286.54
PR00238,PL034,Valve,1727,114,4.5,226059.01
PR00239,PL018,Motor,598,53,6.8,161253.15
PR00240,PL018,Motor,1332,88,10.7,129593.08
PR00241,PL033,Motor,2630,105,7.0,58824.49
PR00242,PL010,Pump,2195,25,17.9,74719.98
PR00243,PL013,Controller,1265,127,22.8,120153.07
PR00244,PL031,Pump,2392,142,15.0,213163.35
PR00245,PL034,Pump,2106,9,14.2,173185.75
PR00246,PL006,Pump,2177,13,23.3,160283.37
PR00247,PL012,Motor,1451,89,9.8,240135.6
PR00248,PL006,Motor,2780,48,4.9,113591.15
PR00249,PL026,Controller,432,39,4.9,102705.94
PR00250,PL027,Motor,2055,100,13.3,222357.92
PR00251,PL022,Controller,1113,2,10.0,93931.46
PR00252,PL023,Motor,2287,3,9.0,236169.52
PR00253,PL026,Motor,1966,44,8.8,16465.86
PR00254,PL032,Sensor,1738,103,10.4,159108.71
PR00255,PL001,Valve,248,34,20.6,97774.62
PR00256,PL028,Valve,930,81,4.8,106470.14
PR00257,PL008,Controller,177,16,23.0,71419.28
PR00258,PL032,Valve,1516,120,9.2,60695.19
PR00259,PL006,Controller,2150,130,22.6,168030.89
PR00260,PL011,Controller,746,19,19.2,150289.49
PR00261,PL005,Sensor,2476,84,12.4,136597.29
PR00262,PL021,Motor,1893,119,6.7,128628.7
PR00263,PL027,Pump,379,26,18.5,37789.98
PR00264,PL033,Valve,753,63,22.3,198922.67
PR00265,PL002,Motor,1680,148,21.5,98711.05
PR00266,PL015,Sensor,760,122,15.1,78564.29
PR00267,PL026,Valve,307,59,20.5,249650.04
PR00268,PL009,Valve,632,43,12.4,195859.03
PR00269,PL018,Valve,2787,101,5.2,112381.35
PR00270,PL028,Pump,1774,74,18.3,243307.16
PR00271,PL028,Valve,635,148,12.2,135922.24
PR00272,PL008,Controller,2102,100,6.5,39483.8
PR00273,PL022,Sensor,366,36,7.5,224749.85
PR00274,PL004,Sensor,757,106,10.4,25287.31
PR00275,PL003,Controller,2984,86,5.6,105977.49
PR00276,PL021,Sensor,2802,45,21.1,232602.81
PR00277,PL009,Sensor,2818,30,18.2,77204.82
PR00278,PL012,Motor,1448,4,10.7,126531.19
PR00279,PL015,Motor,830,105,9.5,129754.85
PR00280,PL029,Pump,2492,134,16.2,211148.06
PR00281,PL026,Valve,1278,92,6.5,157144.22
PR00282,PL022,Controller,2684,108,11.9,129924.56
PR00283,PL010,Motor,2551,109,4.4,75461.43
PR00284,PL027,Motor,1851,7,19.3,73665.14
PR00285,PL019,Pump,2658,110,12.8,156331.98
PR00286,PL021,Pump,2508,67,13.5,67881.3
PR00287,PL013,Controller,271,149,10.8,149678.55
PR00288,PL005,Pump,2933,20,18.2,225858.89
PR00289,PL007,Controller,1730,120,15.5,245297.21
PR00290,PL002,Valve,1067,41,14.8,167042.24
PR00291,PL019,Sensor,1844,36,21.3,146264.23
PR00292,PL021,Valve,141,139,8.0,206219.15
PR00293,PL006,Controller,530,19,5.9,126933.8
PR00294,PL008,Sensor,141,63,15.2,229703.66
PR00295,PL002,Sensor,1465,132,21.9,145051.66
PR00296,PL028,Sensor,173,130,4.1,218591.6
PR00297,PL023,Pump,1589,90,10.1,113667.49
PR00298,PL026,Motor,313,4,23.9,127484.14
PR00299,PL007,Sensor,727,46,8.0,31450.23
PR00300,PL026,Motor,1067,71,12.6,88664.67
PR00301,PL022,Pump,815,85,11.0,200986.05
PR00302,PL017,Controller,2446,100,5.6,204115.63
PR00303,PL003,Pump,2397,57,10.1,234479.48
PR00304,PL003,Pump,1585,116,12.0,156758.15
PR00305,PL006,Motor,1612,3,11.5,237891.94
PR00306,PL020,Sensor,904,5,15.3,18851.87
PR00307,PL012,Valve,234,121,4.6,114553.46
PR00308,PL017,Valve,1149,68,6.6,35435.46
PR00309,PL014,Pump,2330,30,6.2,234568.32
PR00310,PL014,Sensor,2695,124,4.3,67347.94
PR00311,PL012,Valve,1963,40,13.3,174604.78
PR00312,PL020,Controller,2507,78,8.5,236566.1
PR00313,PL021,Sensor,1103,10,14.1,248873.32
PR00314,PL006,Motor,2298,96,5.9,96727.53
PR00315,PL017,Pump,1343,21,20.0,94046.84
PR00316,PL007,Controller,2430,122,6.2,125496.31
PR00317,PL030,Controller,2431,138,16.3,148945.41
PR00318,PL009,Controller,1367,86,22.3,52512.9
PR00319,PL015,Sensor,2615,107,20.8,231662.22
PR00320,PL006,Valve,1873,41,4.5,217760.13
PR00321,PL021,Sensor,980,72,11.6,243921.76
PR00322,PL028,Valve,665,56,15.0,243475.86
PR00323,PL032,Motor,1070,44,6.5,162059.89
PR00324,PL019,Valve,1819,2,7.1,22487.12
PR00325,PL016,Motor,2468,65,4.1,188534.39
PR00326,PL006,Pump,2230,101,13.7,116263.18
PR00327,PL006,Controller,436,68,19.4,209993.17
PR00328,PL004,Sensor,384,45,22.1,127144.13
PR00329,PL010,Motor,837,26,23.0,73146.26
PR00330,PL008,Pump,1950,46,18.2,118782.94
PR00331,PL023,Pump,425,123,6.0,234872.58
PR00332,PL013,Pump,291,111,11.4,18813.87
PR00333,PL012,Sensor,2012,74,11.3,136591.68
PR00334,PL008,Valve,1961,139,7.1,104859.75
PR00335,PL016,Valve,506,113,21.3,31977.87
PR00336,PL011,Valve,2534,122,19.7,13835.53
PR00337,PL022,Motor,1851,132,16.4,201737.96
PR00338,PL029,Motor,935,94,17.9,61392.46
PR00339,PL012,Valve,634,60,11.6,53328.0
PR00340,PL011,Valve,2731,61,15.8,180859.25
PR00341,PL012,Sensor,921,53,12.4,38829.3
PR00342,PL029,Sensor,651,113,7.7,150921.41
PR00343,PL019,Pump,1070,48,19.0,209748.18
PR00344,PL031,Sensor,2082,58,19.9,122308.19
PR00345,PL028,Sensor,1361,29,20.5,195376.37
PR00346,PL008,Motor,2792,62,22.8,227176.2
PR00347,PL023,Controller,2166,130,17.5,210959.39
PR00348,PL005,Controller,1339,97,9.1,221722.53
PR00349,PL016,Sensor,2447,46,8.0,10984.62
PR00350,PL003,Pump,1506,35,19.8,182105.6
PR00351,PL022,Sensor,555,69,8.3,117687.05
PR00352,PL003,Controller,668,137,5.6,54837.79
PR00353,PL020,Sensor,1427,127,7.6,193012.88
PR00354,PL008,Controller,2204,48,5.6,63048.69
PR00355,PL033,Valve,1632,97,18.1,157969.25
PR00356,PL004,Sensor,706,93,5.3,188050.64
PR00357,PL025,Valve,1657,48,13.4,77820.59
PR00358,PL024,Pump,2380,94,17.7,235853.34
PR00359,PL034,Sensor,971,56,21.7,138220.35
PR00360,PL013,Pump,2597,114,5.1,44786.19
PR00361,PL013,Sensor,509,100,17.5,153709.45
PR00362,PL005,Valve,729,107,12.1,172881.73
PR00363,PL010,Motor,1797,127,12.8,114356.83
PR00364,PL007,Sensor,783,0,11.6,161067.58
PR00365,PL015,Controller,1048,24,16.2,213747.5
PR00366,PL018,Valve,2416,3,7.5,187318.44
PR00367,PL012,Sensor,329,12,16.0,162697.93
PR00368,PL028,Pump,1527,92,6.8,84927.74
PR00369,PL025,Controller,2940,143,14.2,248739.52
PR00370,PL008,Pump,746,49,9.7,231448.8
PR00371,PL003,Pump,1578,4,15.9,136973.63
PR00372,PL017,Motor,715,103,18.3,158539.49
PR00373,PL021,Sensor,1237,80,21.6,127605.08
PR00374,PL009,Pump,807,147,5.4,118902.86
PR00375,PL028,Valve,263,20,10.2,10529.97
PR00376,PL009,Motor,1566,133,22.0,196569.49
PR00377,PL026,Controller,902,20,20.4,125269.87
PR00378,PL020,Sensor,2231,128,11.9,231567.27
PR00379,PL014,Controller,1354,121,6.1,238672.06
PR00380,PL032,Pump,1357,92,5.5,151913.65
PR00381,PL006,Pump,1373,99,17.9,123533.57
PR00382,PL022,Valve,2740,72,13.5,224957.52
PR00383,PL029,Sensor,685,12,17.5,205459.71
PR00384,PL030,Valve,1945,9,10.0,130998.99
PR00385,PL025,Sensor,1543,96,5.8,176814.68
PR00386,PL001,Sensor,406,88,9.7,76914.72
PR00387,PL014,Motor,1098,102,14.5,160475.89
PR00388,PL024,Motor,1054,122,14.6,197169.61
PR00389,PL008,Valve,1232,25,23.7,194084.38
PR00390,PL008,Sensor,597,0,10.9,74351.82
PR00391,PL034,Valve,130,67,19.9,200203.27
PR00392,PL013,Motor,2292,133,7.2,243935.99
PR00393,PL020,Sensor,1231,113,4.8,36077.87
PR00394,PL011,Controller,297,53,10.3,111472.57
PR00395,PL022,Controller,2511,51,17.8,85256.02
PR00396,PL006,Sensor,2644,98,21.7,69919.96
PR00397,PL020,Motor,2317,131,8.6,234669.4
PR00398,PL031,Valve,2534,23,7.6,25052.99
PR00399,PL008,Sensor,2845,66,11.0,199248.68
