sale_id,store_id,product,category,quantity,sales_amount
SA00001,S016,Fridge,Fashion,5,92612.58
SA00002,S025,Phone,Home,9,38456.66
SA00003,S022,Shoes,Electronics,7,56416.09
SA00004,S010,Fridge,Electronics,9,97058.08
SA00005,S009,Shoes,Fashion,8,26130.44
SA00006,S062,Chair,Home,4,22343.41
SA00007,S074,Chair,Fashion,2,83605.77
SA00008,S030,Shoes,Home,1,88401.53
SA00009,S041,TV,Home,2,6695.28
SA00010,S057,TV,Fashion,4,65152.67
SA00011,S007,Chair,Home,2,76579.97
SA00012,S068,Fridge,Electronics,9,76849.13
SA00013,S061,TV,Home,3,57593.24
SA00014,S063,Shoes,Electronics,9,47922.39
SA00015,S062,Laptop,Fashion,5,95371.4
SA00016,S019,Fridge,Home,8,76665.3
SA00017,S053,Laptop,Electronics,4,97244.58
SA00018,S010,Chair,Electronics,8,34447.77
SA00019,S018,Laptop,Fashion,7,8074.3
SA00020,S056,Phone,Fashion,9,54265.17
SA00021,S034,Shoes,Electronics,3,77223.13
SA00022,S046,Chair,Home,7,85835.73
SA00023,S002,Phone,Fashion,1,31870.14
SA00024,S053,Chair,Fashion,3,16734.37
SA00025,S049,Phone,Electronics,1,85690.92
SA00026,S030,TV,Home,4,52317.81
SA00027,S007,TV,Electronics,4,89249.15
SA00028,S026,TV,Electronics,3,14825.9
SA00029,S001,TV,Home,6,46928.62
SA00030,S063,Chair,Electronics,2,62071.82
SA00031,S052,Shoes,Electronics,8,71963.62
SA00032,S060,Laptop,Fashion,5,33623.25
SA00033,S049,Fridge,Fashion,8,20542.52
SA00034,S039,Fridge,Electronics,3,27739.57
SA00035,S062,Laptop,Fashion,1,6841.99
SA00036,S063,Laptop,Home,2,4792.35
SA00037,S021,Phone,Electronics,9,969.0
SA00038,S075,Laptop,Home,2,5369.58
SA00039,S004,Chair,Electronics,6,12631.0
SA00040,S063,Fridge,Fashion,2,25707.33
SA00041,S032,Chair,Home,9,63508.45
SA00042,S015,Fridge,Home,3,67230.81
SA00043,S067,Laptop,Electronics,9,31879.1
SA00044,S038,Chair,Electronics,6,93775.77
SA00045,S016,Chair,Home,7,79830.2
SA00046,S010,Laptop,Fashion,2,55691.38
SA00047,S010,Fridge,Fashion,6,33391.11
SA00048,S014,Laptop,Electronics,9,85860.78
SA00049,S008,TV,Fashion,8,31441.23
SA00050,S070,Fridge,Electronics,8,86776.8
SA00051,S034,Phone,Home,4,64696.97
SA00052,S007,TV,Home,3,92826.24
SA00053,S016,Shoes,Fashion,9,53166.3
SA00054,S046,Phone,Electronics,5,62140.4
SA00055,S048,Laptop,Electronics,3,46045.71
SA00056,S036,Fridge,Fashion,1,77277.01
SA00057,S032,Chair,Home,5,46603.85
SA00058,S032,Chair,Home,2,24151.36
SA00059,S018,TV,Fashion,8,32217.72
SA00060,S059,Laptop,Electronics,9,12414.43
SA00061,S020,Chair,Home,9,97680.84
SA00062,S060,Laptop,Electronics,9,13940.84
SA00063,S074,Chair,Electronics,3,81626.86
SA00064,S009,Fridge,Fashion,9,77457.44
SA00065,S006,TV,Home,4,7115.52
SA00066,S066,Phone,Electronics,2,91476.28
SA00067,S013,TV,Electronics,2,57749.63
SA00068,S072,TV,Fashion,5,41468.18
SA00069,S003,Laptop,Electronics,4,20523.22
SA00070,S035,Chair,Home,7,38685.35
SA00071,S037,Shoes,Electronics,9,40544.59
SA00072,S049,Laptop,Fashion,2,68872.02
SA00073,S067,TV,Fashion,8,85764.16
SA00074,S061,Shoes,Fashion,8,94167.03
SA00075,S061,Chair,Electronics,8,2085.95
SA00076,S034,Laptop,Home,4,89940.28
SA00077,S066,Shoes,Electronics,2,832.96
SA00078,S049,Shoes,Electronics,9,49860.58
SA00079,S002,Phone,Electronics,1,90198.34
SA00080,S028,Chair,Fashion,9,87556.45
SA00081,S073,Chair,Home,4,75545.89
SA00082,S029,Shoes,Home,3,99778.66
SA00083,S024,Phone,Electronics,9,60676.67
SA00084,S018,Phone,Home,6,45187.81
SA00085,S027,Phone,Electronics,2,20451.05
SA00086,S025,Shoes,Fashion,6,17664.6
SA00087,S066,Phone,Home,2,68726.21
SA00088,S037,Fridge,Electronics,6,13075.4
SA00089,S066,TV,Home,4,45927.99
SA00090,S064,TV,Home,6,63339.59
SA00091,S053,Shoes,Electronics,6,21442.33
SA00092,S014,Shoes,Home,3,93821.66
SA00093,S035,Fridge,Electronics,8,65944.76
SA00094,S030,Fridge,Fashion,9,18005.53
SA00095,S024,Chair,Home,4,72164.83
SA00096,S074,Shoes,Electronics,5,34667.27
SA00097,S077,TV,Electronics,3,45993.96
SA00098,S044,Fridge,Fashion,7,17750.42
SA00099,S009,Chair,Home,7,63694.92
SA00100,S078,Laptop,Fashion,5,43512.63
SA00101,S009,TV,Fashion,6,14838.88
SA00102,S010,Shoes,Fashion,1,18085.18
SA00103,S038,Phone,Fashion,3,70617.5
SA00104,S040,Fridge,Electronics,3,43456.09
SA00105,S069,Laptop,Home,9,8164.09
SA00106,S066,Fridge,Home,8,28944.46
SA00107,S079,Fridge,Fashion,8,57593.1
SA00108,S008,Fridge,Fashion,5,39947.83
SA00109,S058,Shoes,Electronics,3,85706.37
SA00110,S064,Shoes,Fashion,2,47089.89
SA00111,S068,TV,Electronics,2,80110.64
SA00112,S066,TV,Home,2,62832.52
SA00113,S062,Chair,Electronics,5,10721.74
SA00114,S029,Laptop,Electronics,4,17376.9
SA00115,S007,TV,Fashion,1,24409.29
SA00116,S077,TV,Home,6,66106.83
SA00117,S027,Shoes,Fashion,7,81719.72
SA00118,S039,Laptop,Fashion,4,33631.69
SA00119,S031,TV,Home,7,28842.12
SA00120,S017,Laptop,Home,4,88672.77
SA00121,S037,Chair,Fashion,5,90343.38
SA00122,S050,Shoes,Fashion,3,20528.22
SA00123,S073,Laptop,Electronics,1,54172.67
SA00124,S006,Chair,Fashion,2,75215.6
SA00125,S047,Shoes,Fashion,1,56896.26
SA00126,S046,Fridge,Electronics,3,10035.54
SA00127,S041,Phone,Fashion,5,4530.91
SA00128,S059,TV,Fashion,9,78367.52
SA00129,S054,Chair,Home,1,55221.15
SA00130,S076,Chair,Home,6,34718.93
SA00131,S046,Fridge,Home,1,76988.55
SA00132,S079,Fridge,Home,4,44996.09
SA00133,S040,TV,Fashion,9,15782.48
SA00134,S061,Fridge,Fashion,3,12759.85
SA00135,S036,Fridge,Fashion,1,75864.39
SA00136,S061,Fridge,Fashion,5,86636.11
SA00137,S047,Laptop,Electronics,2,4513.78
SA00138,S035,Shoes,Fashion,6,38995.2
SA00139,S010,Fridge,Home,1,80477.72
SA00140,S028,Phone,Home,7,77312.2
SA00141,S032,Shoes,Electronics,2,62147.74
SA00142,S011,Phone,Fashion,3,32720.91
SA00143,S040,TV,Electronics,1,89566.69
SA00144,S007,Phone,Home,2,62754.24
SA00145,S044,Shoes,Electronics,8,91321.22
SA00146,S069,Chair,Fashion,9,97829.86
SA00147,S024,TV,Electronics,8,12271.47
SA00148,S010,Chair,Home,8,96721.5
SA00149,S058,Shoes,Fashion,8,85059.72
SA00150,S056,TV,Electronics,5,35740.8
SA00151,S040,Laptop,Fashion,3,77110.02
SA00152,S045,Chair,Home,4,82645.96
SA00153,S047,Shoes,Electronics,7,72947.72
SA00154,S050,Shoes,Home,6,81518.0
SA00155,S058,Fridge,Electronics,8,37377.94
SA00156,S006,TV,Electronics,6,66324.33
SA00157,S057,Phone,Fashion,3,97215.85
SA00158,S052,Chair,Home,9,36010.65
SA00159,S028,Shoes,Fashion,8,69958.48
SA00160,S045,Phone,Home,4,64916.45
SA00161,S019,TV,Fashion,1,15141.18
SA00162,S037,Fridge,Fashion,6,90212.92
SA00163,S012,Phone,Fashion,5,3955.58
SA00164,S026,Laptop,Home,4,82245.65
SA00165,S051,Chair,Electronics,4,23376.65
SA00166,S006,Chair,Electronics,1,99120.57
SA00167,S047,Shoes,Electronics,3,24631.38
SA00168,S008,Laptop,Fashion,9,65305.27
SA00169,S068,Chair,Electronics,6,89291.42
SA00170,S027,Chair,Electronics,7,21972.83
SA00171,S055,TV,Fashion,2,45414.61
SA00172,S018,Phone,Home,6,53239.2
SA00173,S029,Shoes,Fashion,3,6806.93
SA00174,S001,Phone,Home,7,52588.78
SA00175,S065,Shoes,Fashion,8,5588.14
SA00176,S052,Phone,Fashion,4,37498.41
SA00177,S057,Laptop,Fashion,2,79988.14
SA00178,S029,Chair,Fashion,6,28784.0
SA00179,S047,Shoes,Fashion,2,37559.66
SA00180,S015,Phone,Home,2,27141.96
SA00181,S047,TV,Fashion,6,76164.53
SA00182,S005,Phone,Electronics,4,13883.11
SA00183,S031,TV,Fashion,4,78837.49
SA00184,S005,Shoes,Fashion,2,62405.74
SA00185,S044,Fridge,Home,1,36672.9
SA00186,S079,Shoes,Home,1,49083.13
SA00187,S031,Phone,Home,7,89673.36
SA00188,S024,Laptop,Electronics,3,88266.01
SA00189,S012,Phone,Fashion,1,48268.66
SA00190,S026,Chair,Fashion,4,39344.7
SA00191,S001,Fridge,Home,7,78843.04
SA00192,S076,Shoes,Fashion,2,10822.51
SA00193,S050,Shoes,Electronics,6,40289.61
SA00194,S034,Laptop,Home,1,65118.46
SA00195,S060,Phone,Fashion,6,50422.8
SA00196,S048,Phone,Electronics,3,41018.76
SA00197,S048,Laptop,Fashion,7,92266.05
SA00198,S022,Fridge,Fashion,6,91164.41
SA00199,S035,Chair,Electronics,6,23820.46
SA00200,S024,TV,Fashion,8,41283.0
SA00201,S055,Shoes,Home,3,70825.97
SA00202,S061,Phone,Home,7,85250.1
SA00203,S042,Phone,Fashion,3,99446.23
SA00204,S056,TV,Fashion,9,52299.84
SA00205,S037,TV,Fashion,1,38478.3
SA00206,S044,Shoes,Home,3,72247.45
SA00207,S029,Phone,Electronics,7,32499.5
SA00208,S027,Shoes,Home,6,19256.26
SA00209,S005,Phone,Fashion,5,62377.82
SA00210,S030,Chair,Home,5,19696.21
SA00211,S044,Phone,Home,7,45087.53
SA00212,S027,TV,Home,4,62164.42
SA00213,S077,Shoes,Electronics,2,30378.4
SA00214,S009,Chair,Home,6,62881.7
SA00215,S079,Shoes,Home,1,86686.64
SA00216,S079,Chair,Electronics,9,98765.24
SA00217,S056,Fridge,Fashion,9,12279.86
SA00218,S061,Chair,Home,9,98978.68
SA00219,S078,Shoes,Electronics,2,63000.26
SA00220,S039,Fridge,Fashion,9,92903.56
SA00221,S042,Fridge,Fashion,8,4274.95
SA00222,S079,TV,Fashion,7,42094.29
SA00223,S031,Chair,Home,5,47060.72
SA00224,S061,Laptop,Fashion,6,47945.68
SA00225,S002,Fridge,Electronics,5,78340.89
SA00226,S046,Fridge,Home,6,30442.24
SA00227,S077,TV,Electronics,1,24080.02
SA00228,S066,Fridge,Fashion,9,28336.16
SA00229,S015,Shoes,Fashion,8,55319.21
SA00230,S038,Shoes,Fashion,4,77288.03
SA00231,S058,Chair,Home,4,91341.91
SA00232,S040,TV,Home,1,21409.29
SA00233,S032,TV,Electronics,5,65469.87
SA00234,S066,Phone,Electronics,6,83031.99
SA00235,S006,TV,Home,9,29314.2
SA00236,S034,Laptop,Home,9,60348.24
SA00237,S025,Chair,Home,8,17831.69
SA00238,S038,Chair,Fashion,9,44433.84
SA00239,S041,Fridge,Fashion,6,12354.15
SA00240,S028,Phone,Home,2,16893.58
SA00241,S032,Phone,Home,2,65495.22
SA00242,S032,Chair,Home,2,97969.56
SA00243,S019,Fridge,Electronics,3,13931.16
SA00244,S013,Laptop,Electronics,3,38288.45
SA00245,S070,Phone,Home,7,32305.54
SA00246,S027,Shoes,Electronics,5,79496.7
SA00247,S037,Fridge,Fashion,4,89548.11
SA00248,S079,Fridge,Electronics,8,67889.47
SA00249,S039,Shoes,Fashion,7,51848.15
SA00250,S060,Shoes,Home,6,92468.9
SA00251,S016,TV,Fashion,7,30596.93
SA00252,S016,Laptop,Home,9,20792.14
SA00253,S032,Phone,Home,5,95690.67
SA00254,S036,Phone,Home,3,82423.71
SA00255,S017,Laptop,Fashion,4,60785.1
SA00256,S029,TV,Fashion,8,90531.08
SA00257,S023,Laptop,Home,9,50844.99
SA00258,S001,Chair,Fashion,3,18399.85
SA00259,S041,Phone,Home,5,26905.03
SA00260,S052,Fridge,Home,2,47845.94
SA00261,S034,Chair,Electronics,6,77646.93
SA00262,S062,Fridge,Electronics,7,85091.01
SA00263,S070,TV,Electronics,3,6183.22
SA00264,S017,Laptop,Fashion,9,6852.41
SA00265,S064,Chair,Home,5,38999.98
SA00266,S044,TV,Fashion,2,51800.49
SA00267,S041,TV,Home,1,51751.66
SA00268,S055,Chair,Fashion,9,68069.87
SA00269,S069,Laptop,Electronics,7,90519.21
SA00270,S029,Phone,Electronics,7,55728.54
SA00271,S070,Shoes,Home,7,1403.82
SA00272,S068,Phone,Electronics,2,81321.68
SA00273,S024,Shoes,Home,5,58257.28
SA00274,S021,Laptop,Fashion,5,73078.0
SA00275,S020,Laptop,Home,7,89516.08
SA00276,S037,Shoes,Electronics,1,62638.11
SA00277,S013,Laptop,Fashion,1,85100.6
SA00278,S078,Fridge,Electronics,8,7455.76
SA00279,S044,Fridge,Fashion,2,62881.65
SA00280,S035,Phone,Fashion,5,40257.01
SA00281,S052,Phone,Home,7,16238.64
SA00282,S039,Fridge,Electronics,9,30238.95
SA00283,S044,Laptop,Electronics,3,81592.09
SA00284,S027,Shoes,Home,3,88660.14
SA00285,S054,Shoes,Electronics,8,16549.57
SA00286,S043,Shoes,Electronics,9,39741.14
SA00287,S034,Laptop,Fashion,2,73718.17
SA00288,S078,Shoes,Electronics,5,70163.58
SA00289,S042,Fridge,Electronics,5,33888.96
SA00290,S064,TV,Electronics,8,36358.92
SA00291,S029,Laptop,Home,3,95153.94
SA00292,S059,Chair,Home,6,85265.15
SA00293,S066,Laptop,Home,8,65985.15
SA00294,S044,Chair,Home,7,7975.76
SA00295,S032,Phone,Electronics,4,46034.94
SA00296,S072,Chair,Electronics,8,25637.91
SA00297,S042,TV,Home,3,83949.68
SA00298,S078,Laptop,Electronics,1,50297.44
SA00299,S015,Fridge,Fashion,8,83778.29
SA00300,S071,Phone,Electronics,9,30769.38
SA00301,S026,Fridge,Home,3,20178.43
SA00302,S028,Shoes,Fashion,4,64495.27
SA00303,S069,Fridge,Home,8,37024.57
SA00304,S025,Fridge,Electronics,3,68102.28
SA00305,S051,Fridge,Home,3,23594.52
SA00306,S021,TV,Fashion,9,71106.48
SA00307,S045,Chair,Electronics,1,29631.19
SA00308,S057,TV,Electronics,9,77230.05
SA00309,S023,Phone,Fashion,5,72868.35
SA00310,S049,Shoes,Fashion,6,97703.99
SA00311,S004,TV,Fashion,6,49659.92
SA00312,S026,Phone,Home,1,59378.4
SA00313,S016,Phone,Fashion,7,64298.76
SA00314,S049,Shoes,Electronics,1,70108.69
SA00315,S063,Chair,Fashion,3,11588.92
SA00316,S052,Chair,Fashion,3,11096.93
SA00317,S055,Phone,Electronics,6,67238.4
SA00318,S002,Phone,Fashion,2,10885.7
SA00319,S076,Chair,Electronics,2,65859.56
SA00320,S074,TV,Electronics,2,68918.96
SA00321,S032,Chair,Home,3,47551.1
SA00322,S029,TV,Electronics,5,31564.69
SA00323,S062,Phone,Home,3,66536.52
SA00324,S003,Shoes,Fashion,4,81894.07
SA00325,S040,Chair,Electronics,4,72798.05
SA00326,S018,Fridge,Home,9,7668.4
SA00327,S025,TV,Home,3,42864.1
SA00328,S051,Fridge,Home,5,62681.67
SA00329,S045,TV,Home,9,51055.8
SA00330,S030,Laptop,Electronics,9,34811.31
SA00331,S068,Shoes,Fashion,5,55082.52
SA00332,S030,TV,Home,9,26725.74
SA00333,S010,Laptop,Fashion,5,96482.59
SA00334,S012,Laptop,Fashion,5,84151.91
SA00335,S067,TV,Electronics,9,70320.95
SA00336,S013,Shoes,Home,6,50110.9
SA00337,S050,Chair,Electronics,5,77535.6
SA00338,S046,TV,Fashion,5,71946.1
SA00339,S067,Chair,Electronics,3,81672.05
SA00340,S024,Chair,Fashion,2,18524.52
SA00341,S047,Chair,Home,6,24043.24
SA00342,S041,Fridge,Home,7,69618.94
SA00343,S078,Fridge,Fashion,2,25959.55
SA00344,S008,Laptop,Electronics,9,12742.28
SA00345,S029,Phone,Home,1,47183.41
SA00346,S041,TV,Electronics,2,48457.95
SA00347,S025,Fridge,Home,6,52245.83
SA00348,S064,TV,Fashion,4,29682.81
SA00349,S069,TV,Home,5,6008.25
SA00350,S033,TV,Electronics,6,3749.85
SA00351,S023,Phone,Home,3,17388.16
SA00352,S017,Fridge,Fashion,4,48296.28
SA00353,S026,Phone,Fashion,3,12568.34
SA00354,S026,Shoes,Home,5,68170.28
SA00355,S025,TV,Electronics,9,64961.9
SA00356,S046,TV,Home,1,32892.91
SA00357,S035,Phone,Home,1,20267.36
SA00358,S068,Fridge,Home,2,45919.96
SA00359,S055,Fridge,Electronics,8,86819.36
SA00360,S065,Laptop,Electronics,2,2060.71
SA00361,S060,TV,Home,2,561.71
SA00362,S038,Phone,Home,5,69252.06
SA00363,S075,Fridge,Fashion,7,69054.18
SA00364,S033,Shoes,Home,9,10123.69
SA00365,S037,Chair,Fashion,4,75065.87
SA00366,S067,Chair,Fashion,7,55335.08
SA00367,S046,Chair,Electronics,9,63109.64
SA00368,S053,Fridge,Fashion,8,91043.67
SA00369,S015,Fridge,Electronics,7,85643.15
SA00370,S024,Phone,Fashion,1,36450.21
SA00371,S078,TV,Home,7,63301.08
SA00372,S001,Chair,Home,4,13699.02
SA00373,S051,Shoes,Home,3,15611.47
SA00374,S032,Shoes,Home,2,67502.1
SA00375,S076,Shoes,Fashion,5,51934.89
SA00376,S056,Laptop,Home,4,4482.5
SA00377,S017,Chair,Home,3,99057.74
SA00378,S026,Laptop,Home,8,17791.13
SA00379,S009,Laptop,Home,8,63581.72
SA00380,S073,TV,Home,2,65231.86
SA00381,S017,Laptop,Electronics,8,71845.9
SA00382,S020,Phone,Home,4,65441.37
SA00383,S041,Phone,Home,3,8969.07
SA00384,S040,Laptop,Fashion,8,4656.45
SA00385,S009,Chair,Fashion,4,56220.09
SA00386,S075,Phone,Electronics,5,37251.04
SA00387,S007,Laptop,Home,6,54930.23
SA00388,S026,Shoes,Fashion,2,34030.36
SA00389,S012,Laptop,Fashion,6,26361.68
SA00390,S004,Shoes,Home,1,41618.92
SA00391,S018,Shoes,Fashion,3,79946.92
SA00392,S013,Fridge,Electronics,1,91380.6
SA00393,S022,Chair,Home,9,65694.72
SA00394,S024,TV,Electronics,6,20113.13
SA00395,S022,Fridge,Home,6,15979.33
SA00396,S042,Chair,Home,6,30805.39
SA00397,S018,Fridge,Fashion,7,49164.63
SA00398,S037,Phone,Home,4,56815.1
SA00399,S047,Phone,Fashion,9,27000.37
SA00400,S046,Chair,Fashion,1,17000.52
SA00401,S013,Chair,Electronics,1,41623.11
SA00402,S073,Laptop,Home,3,13649.37
SA00403,S003,Shoes,Electronics,3,88169.25
SA00404,S049,Chair,Fashion,3,66485.08
SA00405,S056,Chair,Home,2,68286.47
SA00406,S047,Chair,Home,7,88766.33
SA00407,S075,Laptop,Home,4,94688.27
SA00408,S063,Phone,Home,7,69958.52
SA00409,S048,Chair,Electronics,6,99501.71
SA00410,S045,Chair,Fashion,1,73453.45
SA00411,S013,Shoes,Electronics,5,1127.48
SA00412,S019,Shoes,Home,6,97608.73
SA00413,S063,Laptop,Home,6,36667.29
SA00414,S012,Fridge,Fashion,3,82861.62
SA00415,S054,Laptop,Home,3,56701.89
SA00416,S045,TV,Electronics,6,47550.53
SA00417,S074,Laptop,Electronics,9,3429.94
SA00418,S024,Laptop,Home,3,62331.83
SA00419,S046,Shoes,Electronics,1,25046.17
