store_id,store_name,city,region
S001,Metro,Patna,East
S002,Metro,Pune,West
S003,Central,Pune,North
S004,DailyNeeds,Pune,South
S005,Central,Delhi,West
S006,DailyNeeds,Mumbai,South
S007,SuperMart,Mumbai,East
S008,SuperMart,Pune,North
S009,Metro,Delhi,West
S010,DailyNeeds,Pune,South
S011,SuperMart,Delhi,North
S012,Central,Mumbai,South
S013,DailyNeeds,Patna,East
S014,SuperMart,Patna,South
S015,ValueStore,Patna,West
S016,SuperMart,Kolkata,South
S017,Metro,Patna,North
S018,DailyNeeds,Delhi,West
S019,DailyNeeds,Delhi,North
S020,ValueStore,Kolkata,West
S021,DailyNeeds,Delhi,West
S022,Metro,Mumbai,North
S023,Central,Pune,South
S024,Central,Mumbai,West
S025,DailyNeeds,Pune,East
S026,SuperMart,Mumbai,North
S027,DailyNeeds,Pune,North
S028,ValueStore,Delhi,North
S029,DailyNeeds,Kolkata,South
S030,Central,Mumbai,South
S031,Central,Patna,North
S032,Metro,Delhi,South
S033,SuperMart,Patna,South
S034,DailyNeeds,Pune,North
S035,SuperMart,Patna,South
S036,ValueStore,Patna,East
S037,Metro,Patna,East
S038,Central,Delhi,West
S039,Metro,Patna,South
S040,Metro,Kolkata,North
S041,Metro,Mumbai,South
S042,DailyNeeds,Mumbai,North
S043,SuperMart,Pune,North
S044,ValueStore,Delhi,East
S045,DailyNeeds,Pune,East
S046,DailyNeeds,Patna,East
S047,ValueStore,Delhi,South
S048,SuperMart,Mumbai,East
S049,SuperMart,Mumbai,South
S050,Central,Patna,North
S051,Central,Delhi,West
S052,DailyNeeds,Mumbai,East
S053,DailyNeeds,Delhi,North
S054,ValueStore,Kolkata,North
S055,Metro,Pune,North
S056,DailyNeeds,Delhi,North
S057,Central,Kolkata,North
S058,DailyNeeds,Kolkata,West
S059,Central,Mumbai,South
S060,Metro,Mumbai,West
S061,SuperMart,Delhi,North
S062,Metro,Patna,East
S063,DailyNeeds,Delhi,North
S064,ValueStore,Kolkata,North
S065,ValueStore,Kolkata,West
S066,SuperMart,Patna,North
S067,Central,Patna,North
S068,SuperMart,Delhi,North
S069,SuperMart,Patna,North
S070,SuperMart,Kolkata,South
S071,ValueStore,Pune,East
S072,Metro,Mumbai,West
S073,DailyNeeds,Delhi,South
S074,Metro,Pune,West
S075,Central,Delhi,West
S076,Metro,Patna,West
S077,ValueStore,Kolkata,North
S078,Central,Kolkata,North
S079,SuperMart,Delhi,South
