account_id,customer_id,account_type,transaction_type,transaction_mode,amount,balance
A00001,C0001,Savings,Transfer,NEFT,5170.95,364221.27
A00002,C0002,Savings,Transfer,IMPS,3867.08,25530.71
A00003,C0003,Salary,Payment,IMPS,3451.9,247855.9
A00004,C0004,Savings,Withdrawal,ATM,11216.7,123635.87
A00005,C0005,Savings,Withdrawal,UPI,2511.49,382678.09
A00006,C0006,Current,Withdrawal,NEFT,3297.97,108525.66
A00007,C0007,Salary,Deposit,IMPS,2316.98,292218.03
A00008,C0008,Savings,Withdrawal,ATM,2927.45,375844.52
A00009,C0009,Savings,Payment,CARD,3032.29,120125.72
A00010,C0010,Current,Payment,NEFT,6167.21,73016.55
A00011,C0011,Salary,Deposit,CARD,5183.73,131745.4
A00012,C0012,Current,Transfer,UPI,14108.49,284824.99
A00013,C0013,Savings,Transfer,ATM,8068.41,268089.23
A00014,C0014,Salary,Deposit,NEFT,10045.99,351094.37
A00015,C0015,Current,Payment,IMPS,3269.0,315339.98
A00016,C0016,Savings,Payment,UPI,3622.33,329125.95
A00017,C0017,Salary,Withdrawal,NEFT,6684.29,414151.82
A00018,C0018,Current,Deposit,CARD,8018.59,231664.25
A00019,C0019,Savings,Withdrawal,CARD,2277.32,127160.01
A00020,C0020,Savings,Withdrawal,UPI,2768.59,62608.82
A00021,C0021,Savings,Deposit,UPI,4416.17,259744.84
A00022,C0022,Salary,Payment,IMPS,2060.38,287150.91
A00023,C0023,Savings,Payment,UPI,4655.16,73008.89
A00024,C0024,Current,Withdrawal,ATM,2782.38,478072.21
A00025,C0025,Current,Deposit,CARD,2378.95,432894.95
A00026,C0026,Current,Withdrawal,CARD,1807.84,100092.79
A00027,C0027,Current,Deposit,CARD,5706.34,292221.39
A00028,C0028,Current,Payment,IMPS,3442.32,116609.58
A00029,C0029,Current,Deposit,IMPS,2816.94,306159.59
A00030,C0030,Salary,Deposit,UPI,2734.99,317848.96
A00031,C0031,Salary,Withdrawal,NEFT,5442.82,137970.04
A00032,C0032,Current,Withdrawal,UPI,866.22,265437.69
A00033,C0033,Current,Withdrawal,CARD,6719.2,120369.95
A00034,C0034,Salary,Withdrawal,UPI,6029.72,104718.71
A00035,C0035,Savings,Deposit,CARD,443.33,161215.62
A00036,C0036,Current,Payment,IMPS,1306.9,209232.12
A00037,C0037,Current,Deposit,UPI,4592.26,68686.47
A00038,C0038,Savings,Withdrawal,CARD,3536.46,374550.76
A00039,C0039,Salary,Transfer,CARD,3811.27,21499.82
A00040,C0040,Savings,Payment,CARD,2367.69,7092.64
A00041,C0041,Savings,Deposit,IMPS,847.5,54721.93
A00042,C0042,Savings,Transfer,UPI,2582.83,119415.09
A00043,C0043,Salary,Payment,NEFT,3111.85,97353.3
A00044,C0044,Savings,Payment,CARD,6044.14,423320.72
A00045,C0045,Salary,Withdrawal,UPI,1562.87,95202.58
A00046,C0046,Salary,Transfer,CARD,4238.42,24328.64
A00047,C0047,Current,Deposit,ATM,4759.25,42375.71
A00048,C0048,Current,Transfer,NEFT,3943.97,473541.35
A00049,C0049,Savings,Transfer,CARD,13000.55,164772.46
A00050,C0050,Salary,Deposit,UPI,2781.43,214179.55
A00051,C0051,Salary,Transfer,IMPS,5954.43,90036.96
A00052,C0052,Current,Withdrawal,ATM,2991.08,137753.87
A00053,C0053,Current,Transfer,NEFT,1982.29,409582.12
A00054,C0054,Savings,Payment,ATM,334.49,164194.09
A00055,C0055,Current,Transfer,IMPS,451.85,56725.46
A00056,C0056,Savings,Payment,NEFT,2057.12,310983.65
A00057,C0057,Current,Withdrawal,UPI,2677.59,327059.59
A00058,C0058,Savings,Deposit,ATM,1075.96,24300.26
A00059,C0059,Salary,Deposit,NEFT,2919.94,282765.06
A00060,C0060,Savings,Withdrawal,ATM,3836.49,152190.28
A00061,C0061,Savings,Withdrawal,NEFT,2929.34,461292.99
A00062,C0062,Current,Transfer,NEFT,4694.7,366013.19
A00063,C0063,Salary,Withdrawal,CARD,3258.15,257254.18
A00064,C0064,Savings,Withdrawal,UPI,7706.62,450972.18
A00065,C0065,Salary,Withdrawal,CARD,5515.24,471678.91
A00066,C0066,Savings,Transfer,IMPS,3927.01,444852.07
A00067,C0067,Savings,Deposit,NEFT,1815.64,289824.32
A00068,C0068,Salary,Withdrawal,CARD,2908.41,98813.44
A00069,C0069,Current,Deposit,CARD,3946.32,409653.42
A00070,C0070,Savings,Deposit,IMPS,3524.02,444392.84
A00071,C0071,Salary,Withdrawal,IMPS,2648.55,469768.73
A00072,C0072,Current,Transfer,CARD,3479.48,482370.01
A00073,C0073,Savings,Withdrawal,CARD,6585.83,384050.55
A00074,C0074,Salary,Withdrawal,IMPS,1316.64,254570.55
A00075,C0075,Salary,Withdrawal,CARD,5064.24,136775.03
A00076,C0076,Savings,Deposit,IMPS,4098.3,125198.31
A00077,C0077,Savings,Deposit,IMPS,513.96,446341.26
A00078,C0078,Savings,Payment,NEFT,3288.33,376361.07
A00079,C0079,Savings,Deposit,NEFT,1357.59,176599.93
A00080,C0080,Savings,Payment,CARD,3606.23,59977.79
A00081,C0081,Savings,Transfer,UPI,6845.95,379864.65
A00082,C0082,Savings,Payment,ATM,4046.47,153058.08
A00083,C0083,Savings,Transfer,NEFT,4302.28,251748.95
A00084,C0084,Salary,Payment,UPI,501.51,52800.11
A00085,C0085,Savings,Transfer,NEFT,4809.53,82065.97
A00086,C0086,Salary,Payment,NEFT,2712.85,437568.9
A00087,C0087,Salary,Withdrawal,UPI,2596.5,409322.92
A00088,C0088,Salary,Deposit,NEFT,4253.82,334878.37
A00089,C0089,Salary,Transfer,IMPS,2910.56,434626.34
A00090,C0090,Current,Withdrawal,ATM,626.86,259383.41
A00091,C0091,Savings,Deposit,ATM,10815.27,228047.03
A00092,C0092,Salary,Transfer,CARD,7891.73,126754.71
A00093,C0093,Salary,Transfer,CARD,6360.28,268801.78
A00094,C0094,Salary,Payment,NEFT,6334.26,483218.64
A00095,C0095,Current,Payment,CARD,4733.52,163091.77
A00096,C0096,Salary,Withdrawal,NEFT,4138.01,399293.65
A00097,C0097,Salary,Payment,IMPS,7553.16,356495.08
A00098,C0098,Savings,Deposit,UPI,4108.49,113961.96
A00099,C0099,Salary,Withdrawal,IMPS,1134.43,101448.62
A00100,C0100,Savings,Deposit,IMPS,5817.98,352644.17
A00101,C0101,Current,Transfer,NEFT,2952.13,343196.8
A00102,C0102,Current,Payment,NEFT,2849.52,181366.19
A00103,C0103,Salary,Deposit,NEFT,12480.31,377546.74
A00104,C0104,Salary,Transfer,NEFT,2809.29,428029.12
A00105,C0105,Current,Withdrawal,CARD,7702.33,389857.45
A00106,C0106,Salary,Deposit,IMPS,1470.5,194322.32
A00107,C0107,Savings,Transfer,IMPS,1677.98,195434.85
A00108,C0108,Salary,Transfer,UPI,2243.37,491575.49
A00109,C0109,Savings,Withdrawal,CARD,3508.37,312953.57
A00110,C0110,Current,Deposit,NEFT,10371.44,108386.71
A00111,C0111,Current,Transfer,ATM,596.97,441283.53
A00112,C0112,Salary,Deposit,NEFT,8099.89,72877.45
A00113,C0113,Salary,Withdrawal,CARD,3982.56,124668.82
A00114,C0114,Current,Transfer,NEFT,2273.35,322308.43
A00115,C0115,Savings,Withdrawal,IMPS,1165.07,491066.75
A00116,C0116,Current,Withdrawal,NEFT,2623.04,25546.79
A00117,C0117,Salary,Transfer,NEFT,665.81,7221.41
A00118,C0118,Current,Withdrawal,NEFT,2050.18,471823.25
A00119,C0119,Savings,Transfer,CARD,4421.05,285545.67
A00120,C0120,Savings,Withdrawal,UPI,1166.74,169609.2
A00121,C0121,Current,Deposit,IMPS,1257.71,121415.47
A00122,C0122,Savings,Payment,NEFT,1549.8,383084.85
A00123,C0123,Salary,Payment,ATM,1265.94,480484.92
A00124,C0124,Current,Deposit,IMPS,1170.41,299369.9
A00125,C0125,Current,Deposit,UPI,4458.33,308564.33
A00126,C0126,Savings,Payment,CARD,10146.44,362948.16
A00127,C0127,Savings,Transfer,ATM,4569.2,152584.29
A00128,C0128,Current,Withdrawal,NEFT,2121.56,308152.8
A00129,C0129,Savings,Withdrawal,NEFT,797.14,395938.01
A00130,C0130,Savings,Payment,IMPS,2130.64,199822.47
A00131,C0131,Savings,Payment,IMPS,2002.4,468605.04
A00132,C0132,Savings,Withdrawal,IMPS,848.75,76532.04
A00133,C0133,Salary,Payment,NEFT,10642.3,428777.34
A00134,C0134,Salary,Withdrawal,NEFT,1595.8,488410.73
A00135,C0135,Salary,Payment,UPI,1142.66,405405.95
A00136,C0136,Savings,Deposit,UPI,3286.15,326382.0
A00137,C0137,Current,Deposit,UPI,1761.92,441929.57
A00138,C0138,Salary,Withdrawal,CARD,3885.46,380512.12
A00139,C0139,Savings,Transfer,NEFT,418.14,412496.24
A00140,C0140,Salary,Withdrawal,CARD,1766.58,145050.3
A00141,C0141,Salary,Withdrawal,CARD,4117.6,488034.03
A00142,C0142,Current,Deposit,IMPS,2274.62,206484.37
A00143,C0143,Savings,Transfer,ATM,5212.73,96110.68
A00144,C0144,Savings,Deposit,UPI,2847.79,15526.48
A00145,C0145,Savings,Payment,NEFT,5204.61,424050.61
A00146,C0146,Savings,Transfer,NEFT,2450.02,133069.87
A00147,C0147,Salary,Transfer,IMPS,2124.81,346201.44
A00148,C0148,Current,Deposit,NEFT,4156.81,340608.41
A00149,C0149,Salary,Payment,ATM,3402.07,114069.51
A00150,C0150,Savings,Payment,UPI,2167.19,81253.97
A00151,C0151,Salary,Transfer,NEFT,1265.54,14694.6
A00152,C0152,Current,Deposit,CARD,3210.53,168496.4
A00153,C0153,Salary,Deposit,NEFT,812.86,349052.27
A00154,C0154,Savings,Withdrawal,UPI,1999.74,457744.31
A00155,C0155,Salary,Transfer,CARD,3241.37,485833.38
A00156,C0156,Savings,Transfer,ATM,3903.8,444203.05
A00157,C0157,Current,Transfer,IMPS,3598.96,126509.57
A00158,C0158,Savings,Deposit,IMPS,2703.04,230266.96
A00159,C0159,Salary,Deposit,ATM,3427.45,47156.69
A00160,C0160,Current,Transfer,IMPS,9259.7,204907.19
A00161,C0161,Current,Transfer,IMPS,1301.29,176938.94
A00162,C0162,Salary,Payment,UPI,6047.52,26168.56
A00163,C0163,Salary,Transfer,ATM,2104.72,194816.72
A00164,C0164,Salary,Transfer,UPI,1750.36,447101.18
A00165,C0165,Savings,Deposit,CARD,1716.19,346314.54
A00166,C0166,Savings,Transfer,UPI,2050.32,42485.95
A00167,C0167,Salary,Withdrawal,ATM,3276.47,397583.12
A00168,C0168,Current,Withdrawal,UPI,4991.61,433517.27
A00169,C0169,Savings,Withdrawal,UPI,1175.6,84739.38
A00170,C0170,Current,Transfer,CARD,4704.88,373659.67
A00171,C0171,Current,Withdrawal,CARD,6185.23,147510.79
A00172,C0172,Salary,Payment,ATM,1806.77,37722.95
A00173,C0173,Savings,Transfer,CARD,1696.95,101119.54
A00174,C0174,Current,Transfer,NEFT,10382.75,40831.56
A00175,C0175,Current,Payment,CARD,5942.27,161117.13
A00176,C0176,Savings,Deposit,CARD,5142.7,444841.73
A00177,C0177,Salary,Withdrawal,UPI,7178.52,54373.85
A00178,C0178,Current,Deposit,ATM,9401.01,308508.81
A00179,C0179,Current,Withdrawal,ATM,2236.95,174590.41
A00180,C0180,Current,Deposit,ATM,1282.81,478348.88
A00181,C0181,Current,Deposit,UPI,2809.71,445884.44
A00182,C0182,Savings,Deposit,CARD,2117.28,174957.36
A00183,C0183,Current,Payment,NEFT,2325.46,49885.49
A00184,C0184,Savings,Transfer,ATM,1153.99,38995.6
A00185,C0185,Salary,Withdrawal,ATM,4197.78,410382.72
A00186,C0186,Current,Deposit,ATM,2832.63,275708.29
A00187,C0187,Salary,Withdrawal,UPI,4856.81,305138.9
A00188,C0188,Savings,Transfer,ATM,1221.03,240918.7
A00189,C0189,Salary,Payment,CARD,3690.31,34205.47
A00190,C0190,Current,Transfer,IMPS,721.44,95748.84
A00191,C0191,Current,Deposit,NEFT,1375.92,127656.53
A00192,C0192,Current,Deposit,ATM,6257.69,439951.32
A00193,C0193,Salary,Withdrawal,NEFT,1123.6,45807.11
A00194,C0194,Salary,Deposit,UPI,24826.29,384605.41
A00195,C0195,Salary,Deposit,UPI,2936.98,22733.81
A00196,C0196,Savings,Transfer,UPI,5206.17,27211.01
A00197,C0197,Salary,Transfer,ATM,2111.97,141459.69
A00198,C0198,Current,Transfer,IMPS,4920.28,359449.48
A00199,C0199,Salary,Transfer,ATM,5468.68,408073.35
A00200,C0200,Savings,Payment,ATM,1713.27,92982.15
A00201,C0201,Savings,Transfer,IMPS,2214.23,153622.19
A00202,C0202,Savings,Deposit,NEFT,3341.9,196172.32
A00203,C0203,Salary,Payment,ATM,2077.11,106168.77
A00204,C0204,Savings,Payment,ATM,4089.34,363257.21
A00205,C0205,Salary,Deposit,CARD,1666.95,430738.63
A00206,C0206,Savings,Transfer,IMPS,1270.49,86732.44
A00207,C0207,Salary,Payment,CARD,3292.94,439408.69
A00208,C0208,Savings,Payment,ATM,3427.98,473573.57
A00209,C0209,Current,Deposit,NEFT,704.46,327059.1
A00210,C0210,Salary,Transfer,ATM,2900.23,216022.46
A00211,C0211,Current,Deposit,UPI,7524.36,463898.32
A00212,C0212,Savings,Payment,CARD,4531.17,146139.19
A00213,C0213,Savings,Payment,NEFT,2395.88,213249.47
A00214,C0214,Salary,Withdrawal,ATM,3291.47,484245.93
A00215,C0215,Salary,Payment,UPI,1647.51,149311.27
A00216,C0216,Salary,Transfer,UPI,7660.03,126127.51
A00217,C0217,Current,Deposit,CARD,1504.92,394326.64
A00218,C0218,Current,Transfer,ATM,1649.09,136357.68
A00219,C0219,Savings,Payment,ATM,1147.56,363615.19
A00220,C0220,Current,Deposit,NEFT,2992.98,107743.07
A00221,C0221,Savings,Deposit,NEFT,6443.45,104107.16
A00222,C0222,Current,Deposit,ATM,1858.43,280775.61
A00223,C0223,Salary,Withdrawal,IMPS,6073.62,100746.96
A00224,C0224,Salary,Deposit,IMPS,1792.05,422568.8
A00225,C0225,Savings,Withdrawal,ATM,4494.35,221805.54
A00226,C0226,Salary,Withdrawal,NEFT,3635.58,283360.62
A00227,C0227,Savings,Transfer,UPI,7585.76,387832.09
A00228,C0228,Salary,Payment,IMPS,3238.44,177553.68
A00229,C0229,Salary,Withdrawal,IMPS,1535.7,152355.91
A00230,C0230,Current,Transfer,UPI,8560.81,342654.34
A00231,C0231,Salary,Withdrawal,CARD,1023.06,478478.67
A00232,C0232,Salary,Withdrawal,UPI,568.41,12010.75
A00233,C0233,Current,Payment,IMPS,1751.46,70133.38
A00234,C0234,Current,Transfer,ATM,6663.14,98025.19
A00235,C0235,Current,Deposit,NEFT,4042.67,97442.26
A00236,C0236,Savings,Transfer,UPI,6642.5,122223.49
A00237,C0237,Current,Withdrawal,ATM,757.38,256992.31
A00238,C0238,Salary,Deposit,NEFT,2740.17,90429.16
A00239,C0239,Savings,Deposit,NEFT,2240.55,333692.65
A00240,C0240,Savings,Deposit,ATM,5516.39,497325.43
A00241,C0241,Salary,Payment,IMPS,5502.15,253762.38
A00242,C0242,Savings,Payment,UPI,9389.96,482416.01
A00243,C0243,Savings,Transfer,IMPS,1198.94,134497.56
A00244,C0244,Salary,Transfer,NEFT,1746.87,430433.86
A00245,C0245,Salary,Withdrawal,UPI,4966.43,390819.61
A00246,C0246,Savings,Payment,CARD,1937.48,101987.01
A00247,C0247,Salary,Transfer,IMPS,1391.6,165199.77
A00248,C0248,Current,Payment,IMPS,1179.31,71529.25
A00249,C0249,Salary,Payment,CARD,2663.09,417563.66
A00250,C0250,Current,Payment,NEFT,2263.6,234281.65
A00251,C0251,Savings,Withdrawal,CARD,6804.01,307718.48
A00252,C0252,Savings,Withdrawal,ATM,1670.18,419777.43
A00253,C0253,Savings,Payment,IMPS,2823.74,160832.65
A00254,C0254,Savings,Transfer,NEFT,3234.14,411029.22
A00255,C0255,Current,Payment,NEFT,4987.17,449938.71
A00256,C0256,Savings,Transfer,CARD,5489.51,407744.93
A00257,C0257,Current,Payment,CARD,2049.49,50349.49
A00258,C0258,Current,Payment,CARD,5298.27,398166.68
A00259,C0259,Salary,Payment,UPI,6794.31,92979.42
A00260,C0260,Salary,Payment,IMPS,5281.09,5725.52
A00261,C0261,Savings,Deposit,NEFT,6743.25,197857.46
A00262,C0262,Current,Payment,CARD,2305.14,439995.89
A00263,C0263,Current,Payment,NEFT,2210.98,465621.03
A00264,C0264,Salary,Payment,NEFT,11742.43,311793.27
A00265,C0265,Salary,Transfer,ATM,5422.53,172394.06
A00266,C0266,Salary,Transfer,ATM,3778.13,118002.29
A00267,C0267,Current,Withdrawal,CARD,5307.38,143280.48
A00268,C0268,Savings,Payment,ATM,2541.2,175709.99
A00269,C0269,Current,Payment,UPI,3434.13,391887.0
A00270,C0270,Current,Transfer,CARD,3081.28,191264.03
A00271,C0271,Salary,Withdrawal,ATM,7790.26,162716.14
A00272,C0272,Salary,Transfer,UPI,352.88,352668.91
A00273,C0273,Current,Payment,IMPS,1784.43,470513.49
A00274,C0274,Savings,Payment,ATM,2006.18,437941.62
A00275,C0275,Savings,Withdrawal,IMPS,3797.18,75473.75
A00276,C0276,Savings,Payment,CARD,1304.28,204208.55
A00277,C0277,Salary,Deposit,UPI,3199.05,479004.66
A00278,C0278,Savings,Payment,ATM,4573.88,56671.71
A00279,C0279,Salary,Deposit,UPI,1807.77,359621.49
A00280,C0280,Current,Payment,ATM,1626.09,126796.0
A00281,C0281,Current,Transfer,UPI,4807.14,39059.89
A00282,C0282,Salary,Payment,UPI,4084.17,49548.36
A00283,C0283,Savings,Payment,NEFT,6231.3,302849.22
A00284,C0284,Savings,Transfer,CARD,2319.68,67075.01
A00285,C0285,Savings,Payment,IMPS,4795.72,454287.58
A00286,C0286,Savings,Transfer,UPI,1331.73,251222.86
A00287,C0287,Savings,Transfer,NEFT,1126.76,195614.75
A00288,C0288,Salary,Withdrawal,UPI,4354.12,325362.73
A00289,C0289,Salary,Transfer,NEFT,3634.38,181802.54
A00290,C0290,Current,Transfer,NEFT,5451.85,379819.85
A00291,C0291,Current,Payment,UPI,1945.71,255940.85
A00292,C0292,Salary,Payment,IMPS,12737.8,78786.17
A00293,C0293,Current,Payment,NEFT,1503.45,215639.17
A00294,C0294,Current,Transfer,UPI,7380.87,427400.33
A00295,C0295,Savings,Transfer,CARD,6607.58,149288.02
A00296,C0296,Current,Payment,NEFT,3460.3,468275.1
A00297,C0297,Savings,Withdrawal,UPI,3049.96,360016.99
A00298,C0298,Savings,Payment,ATM,2243.59,215095.28
A00299,C0299,Savings,Deposit,NEFT,4498.52,104137.73
A00300,C0300,Current,Transfer,NEFT,15649.72,9356.09
A00301,C0301,Current,Withdrawal,IMPS,3459.89,259672.98
A00302,C0302,Salary,Deposit,CARD,2912.47,283441.0
A00303,C0303,Savings,Payment,CARD,5062.36,44265.67
A00304,C0304,Savings,Deposit,ATM,2478.0,433491.24
A00305,C0305,Salary,Withdrawal,ATM,835.27,297341.86
A00306,C0306,Savings,Payment,ATM,1873.91,307147.05
A00307,C0307,Current,Withdrawal,UPI,7693.26,377051.78
A00308,C0308,Current,Deposit,CARD,2535.49,345956.62
A00309,C0309,Current,Transfer,IMPS,3073.2,11295.52
A00310,C0310,Savings,Payment,IMPS,2835.22,319020.34
A00311,C0311,Savings,Withdrawal,IMPS,802.97,110489.97
A00312,C0312,Current,Transfer,UPI,1039.53,53308.61
A00313,C0313,Salary,Payment,CARD,3934.24,310922.56
A00314,C0314,Salary,Transfer,CARD,2624.36,357450.49
A00315,C0315,Savings,Payment,IMPS,13436.71,111614.32
A00316,C0316,Savings,Transfer,UPI,750.23,264606.71
A00317,C0317,Salary,Deposit,UPI,6519.73,245749.45
A00318,C0318,Salary,Transfer,IMPS,7108.17,148326.86
A00319,C0319,Current,Payment,NEFT,3460.0,367359.86
A00320,C0320,Current,Deposit,IMPS,2667.42,89640.94
A00321,C0321,Savings,Withdrawal,UPI,3456.39,450492.8
A00322,C0322,Current,Transfer,IMPS,1606.93,242955.23
A00323,C0323,Salary,Payment,IMPS,2050.61,346382.54
A00324,C0324,Savings,Withdrawal,ATM,2975.1,84879.38
A00325,C0325,Salary,Deposit,IMPS,916.6,54950.66
A00326,C0326,Savings,Payment,CARD,4247.81,463624.68
A00327,C0327,Salary,Withdrawal,CARD,3433.22,244861.7
A00328,C0328,Current,Withdrawal,ATM,3056.81,461710.74
A00329,C0329,Savings,Withdrawal,CARD,6331.56,32942.57
A00330,C0330,Savings,Transfer,ATM,2191.97,333060.59
A00331,C0331,Current,Payment,ATM,1508.76,236068.82
A00332,C0332,Salary,Withdrawal,IMPS,9413.43,269723.03
A00333,C0333,Savings,Payment,IMPS,1386.79,137534.02
A00334,C0334,Savings,Withdrawal,IMPS,2031.43,253237.79
A00335,C0335,Salary,Payment,UPI,2359.43,380011.29
A00336,C0336,Savings,Withdrawal,ATM,6628.34,386634.17
A00337,C0337,Salary,Withdrawal,NEFT,4049.89,261838.14
A00338,C0338,Current,Withdrawal,UPI,2572.46,444917.29
A00339,C0339,Savings,Payment,IMPS,3007.72,434501.95
A00340,C0340,Savings,Transfer,CARD,3587.59,164039.47
A00341,C0341,Salary,Withdrawal,IMPS,1625.12,302566.8
A00342,C0342,Salary,Transfer,IMPS,3822.01,92478.63
A00343,C0343,Salary,Deposit,UPI,1476.18,121856.76
A00344,C0344,Current,Deposit,NEFT,1573.31,67742.78
A00345,C0345,Savings,Withdrawal,CARD,826.22,14745.26
A00346,C0346,Salary,Deposit,ATM,1174.31,299727.37
A00347,C0347,Savings,Transfer,NEFT,11618.95,19465.58
A00348,C0348,Savings,Payment,CARD,1133.61,477968.69
A00349,C0349,Savings,Payment,CARD,6314.97,449460.5
A00350,C0350,Current,Withdrawal,ATM,6867.37,193360.21
