customer_id,customer_name,city,customer_segment,risk_category
C0001,Neha Sharma,Lucknow,Retail,Medium
C0002,Vikas Das,Mumbai,Premium,Medium
C0003,Rohit Singh,Lucknow,Retail,Low
C0004,Amit Kumar,Jaipur,Business,Low
C0005,Sneha Roy,Delhi,Retail,Low
C0006,Sneha Roy,Jaipur,Premium,Medium
C0007,Sneha Roy,Jaipur,Retail,Medium
C0008,Karan Gupta,Mumbai,Retail,Medium
C0009,Karan Gupta,Pune,Retail,Low
C0010,Priya Verma,Kolkata,Business,Low
C0011,Pooja Mehta,Patna,Premium,Low
C0012,Sneha Roy,Kolkata,Premium,Medium
C0013,Karan Gupta,Delhi,Retail,Medium
C0014,Karan Gupta,Lucknow,Retail,Medium
C0015,Rohit Singh,Delhi,Retail,Low
C0016,Vikas Das,Lucknow,Premium,Low
C0017,Sneha Roy,Delhi,Business,Medium
C0018,Priya Verma,Kolkata,Premium,Low
C0019,Amit Kumar,Delhi,Premium,Low
C0020,Neha Sharma,Pune,Premium,Medium
C0021,Pooja Mehta,Delhi,Retail,Medium
C0022,Amit Kumar,Patna,Retail,High
C0023,Pooja Mehta,Patna,Premium,Low
C0024,Pooja Mehta,Patna,Retail,Low
C0025,Karan Gupta,Pune,Retail,Low
C0026,Neha Sharma,Kolkata,Retail,Medium
C0027,Amit Kumar,Delhi,Business,High
C0028,Vikas Das,Kolkata,Business,Low
C0029,Neha Sharma,Jaipur,Business,Low
C0030,Karan Gupta,Lucknow,Premium,Low
C0031,Priya Verma,Jaipur,Premium,Low
C0032,Amit Kumar,Lucknow,Business,High
C0033,Karan Gupta,Delhi,Premium,Low
C0034,Neha Sharma,Lucknow,Retail,High
C0035,Rohit Singh,Lucknow,Retail,Medium
C0036,Neha Sharma,Mumbai,Retail,Low
C0037,Karan Gupta,Jaipur,Retail,High
C0038,Pooja Mehta,Kolkata,Premium,Low
C0039,Pooja Mehta,Patna,Premium,Low
C0040,Sneha Roy,Delhi,Premium,Low
C0041,Karan Gupta,Jaipur,Retail,Medium
C0042,Neha Sharma,Jaipur,Premium,High
C0043,Pooja Mehta,Patna,Premium,Medium
C0044,Sneha Roy,Patna,Premium,Low
C0045,Vikas Das,Mumbai,Retail,Low
C0046,Vikas Das,Jaipur,Business,Low
C0047,Neha Sharma,Jaipur,Business,Low
C0048,Amit Kumar,Patna,Retail,Low
C0049,Sneha Roy,Pune,Retail,Low
C0050,Amit Kumar,Lucknow,Retail,Medium
C0051,Pooja Mehta,Delhi,Premium,Low
C0052,Priya Verma,Kolkata,Business,Low
C0053,Karan Gupta,Jaipur,Retail,Medium
C0054,Neha Sharma,Patna,Retail,Medium
C0055,Sneha Roy,Mumbai,Retail,Low
C0056,Neha Sharma,Pune,Retail,Low
C0057,Amit Kumar,Patna,Retail,Low
C0058,Neha Sharma,Lucknow,Retail,Medium
C0059,Priya Verma,Mumbai,Premium,Medium
C0060,Rohit Singh,Lucknow,Retail,Low
C0061,Priya Verma,Lucknow,Retail,Medium
C0062,Amit Kumar,Kolkata,Retail,Low
C0063,Pooja Mehta,Patna,Premium,Medium
C0064,Pooja Mehta,Jaipur,Premium,Low
C0065,Priya Verma,Kolkata,Retail,Low
C0066,Neha Sharma,Delhi,Premium,Low
C0067,Vikas Das,Patna,Premium,Low
C0068,Amit Kumar,Patna,Retail,Low
C0069,Sneha Roy,Mumbai,Premium,Low
C0070,Sneha Roy,Lucknow,Premium,Medium
C0071,Rohit Singh,Jaipur,Business,Medium
C0072,Vikas Das,Patna,Premium,Medium
C0073,Amit Kumar,Mumbai,Retail,Low
C0074,Pooja Mehta,Delhi,Retail,Low
C0075,Priya Verma,Kolkata,Retail,Medium
C0076,Priya Verma,Mumbai,Business,Medium
C0077,Sneha Roy,Lucknow,Business,Low
C0078,Karan Gupta,Jaipur,Business,Medium
C0079,Priya Verma,Delhi,Retail,Medium
C0080,Vikas Das,Pune,Premium,Low
C0081,Pooja Mehta,Kolkata,Premium,Medium
C0082,Amit Kumar,Kolkata,Premium,Low
C0083,Pooja Mehta,Jaipur,Retail,Low
C0084,Rohit Singh,Delhi,Retail,Low
C0085,Karan Gupta,Pune,Retail,Low
C0086,Sneha Roy,Lucknow,Premium,High
C0087,Karan Gupta,Jaipur,Business,Medium
C0088,Amit Kumar,Patna,Premium,Medium
C0089,Karan Gupta,Mumbai,Retail,Medium
C0090,Neha Sharma,Delhi,Premium,Medium
C0091,Rohit Singh,Jaipur,Premium,Low
C0092,Pooja Mehta,Patna,Retail,Low
C0093,Amit Kumar,Jaipur,Retail,Medium
C0094,Vikas Das,Mumbai,Retail,Low
C0095,Priya Verma,Patna,Retail,Low
C0096,Neha Sharma,Kolkata,Retail,High
C0097,Vikas Das,Delhi,Retail,Low
C0098,Karan Gupta,Delhi,Retail,Low
C0099,Vikas Das,Kolkata,Retail,Low
C0100,Amit Kumar,Kolkata,Retail,Low
C0101,Priya Verma,Delhi,Premium,Low
C0102,Priya Verma,Pune,Retail,High
C0103,Amit Kumar,Patna,Premium,High
C0104,Karan Gupta,Kolkata,Business,Low
C0105,Karan Gupta,Pune,Retail,Low
C0106,Priya Verma,Mumbai,Business,Low
C0107,Priya Verma,Patna,Business,Low
C0108,Rohit Singh,Jaipur,Retail,Medium
C0109,Neha Sharma,Lucknow,Retail,Low
C0110,Sneha Roy,Delhi,Premium,Low
C0111,Pooja Mehta,Jaipur,Retail,Low
C0112,Sneha Roy,Delhi,Retail,Low
C0113,Vikas Das,Delhi,Retail,Medium
C0114,Pooja Mehta,Patna,Retail,Low
C0115,Karan Gupta,Kolkata,Premium,High
C0116,Neha Sharma,Pune,Retail,Low
C0117,Pooja Mehta,Delhi,Premium,Low
C0118,Amit Kumar,Delhi,Premium,Low
C0119,Priya Verma,Pune,Business,Low
C0120,Sneha Roy,Kolkata,Retail,Medium
C0121,Neha Sharma,Lucknow,Retail,Medium
C0122,Sneha Roy,Pune,Premium,Low
C0123,Priya Verma,Lucknow,Retail,Medium
C0124,Sneha Roy,Pune,Premium,Low
C0125,Neha Sharma,Pune,Business,Low
C0126,Rohit Singh,Jaipur,Retail,Medium
C0127,Sneha Roy,Delhi,Retail,Low
C0128,Vikas Das,Delhi,Business,Low
C0129,Neha Sharma,Kolkata,Premium,Low
C0130,Sneha Roy,Mumbai,Premium,High
C0131,Priya Verma,Delhi,Premium,Medium
C0132,Priya Verma,Jaipur,Premium,Low
C0133,Amit Kumar,Kolkata,Business,Low
C0134,Priya Verma,Kolkata,Retail,Low
C0135,Neha Sharma,Mumbai,Retail,Low
C0136,Vikas Das,Patna,Retail,Low
C0137,Pooja Mehta,Mumbai,Premium,Low
C0138,Karan Gupta,Lucknow,Premium,Low
C0139,Vikas Das,Mumbai,Business,Medium
C0140,Karan Gupta,Jaipur,Premium,Low
C0141,Vikas Das,Pune,Retail,Medium
C0142,Karan Gupta,Patna,Retail,Medium
C0143,Rohit Singh,Patna,Retail,Low
C0144,Amit Kumar,Pune,Business,Medium
C0145,Vikas Das,Delhi,Retail,Low
C0146,Vikas Das,Delhi,Retail,High
C0147,Karan Gupta,Jaipur,Business,Low
C0148,Amit Kumar,Pune,Premium,Low
C0149,Karan Gupta,Pune,Business,Low
C0150,Pooja Mehta,Delhi,Retail,Medium
C0151,Amit Kumar,Jaipur,Business,Medium
C0152,Amit Kumar,Lucknow,Retail,Low
C0153,Neha Sharma,Patna,Retail,Low
C0154,Vikas Das,Patna,Premium,Low
C0155,Priya Verma,Delhi,Premium,Medium
C0156,Neha Sharma,Pune,Retail,Medium
C0157,Neha Sharma,Patna,Premium,Medium
C0158,Karan Gupta,Lucknow,Premium,Low
C0159,Pooja Mehta,Jaipur,Retail,Low
C0160,Rohit Singh,Kolkata,Retail,Low
C0161,Neha Sharma,Jaipur,Retail,Medium
C0162,Sneha Roy,Jaipur,Retail,High
C0163,Karan Gupta,Kolkata,Retail,Low
C0164,Rohit Singh,Lucknow,Retail,Low
C0165,Pooja Mehta,Delhi,Premium,Low
C0166,Vikas Das,Kolkata,Premium,Low
C0167,Karan Gupta,Lucknow,Premium,Medium
C0168,Vikas Das,Jaipur,Premium,Medium
C0169,Sneha Roy,Pune,Premium,Low
C0170,Priya Verma,Kolkata,Retail,Low
C0171,Priya Verma,Mumbai,Business,Medium
C0172,Rohit Singh,Patna,Premium,Medium
C0173,Neha Sharma,Delhi,Retail,High
C0174,Pooja Mehta,Lucknow,Business,Medium
C0175,Amit Kumar,Mumbai,Retail,Low
C0176,Pooja Mehta,Lucknow,Retail,Low
C0177,Amit Kumar,Mumbai,Retail,Low
C0178,Amit Kumar,Kolkata,Premium,Medium
C0179,Amit Kumar,Lucknow,Retail,Low
C0180,Rohit Singh,Delhi,Retail,Low
C0181,Priya Verma,Delhi,Premium,Low
C0182,Pooja Mehta,Patna,Business,Low
C0183,Sneha Roy,Delhi,Premium,Medium
C0184,Priya Verma,Lucknow,Premium,Low
C0185,Amit Kumar,Patna,Business,Medium
C0186,Sneha Roy,Pune,Retail,Low
C0187,Rohit Singh,Delhi,Retail,High
C0188,Vikas Das,Mumbai,Premium,Medium
C0189,Priya Verma,Patna,Retail,Medium
C0190,Rohit Singh,Pune,Business,Low
C0191,Amit Kumar,Jaipur,Premium,Medium
C0192,Neha Sharma,Delhi,Business,Low
C0193,Karan Gupta,Pune,Retail,Medium
C0194,Amit Kumar,Pune,Premium,High
C0195,Amit Kumar,Pune,Premium,Low
C0196,Vikas Das,Jaipur,Business,Low
C0197,Pooja Mehta,Kolkata,Premium,Medium
C0198,Neha Sharma,Lucknow,Retail,Low
C0199,Pooja Mehta,Patna,Premium,Medium
C0200,Neha Sharma,Jaipur,Retail,Medium
C0201,Neha Sharma,Pune,Premium,Low
C0202,Sneha Roy,Pune,Premium,Medium
C0203,Vikas Das,Mumbai,Retail,Medium
C0204,Karan Gupta,Jaipur,Retail,Low
C0205,Pooja Mehta,Pune,Retail,Medium
C0206,Karan Gupta,Patna,Retail,Medium
C0207,Priya Verma,Mumbai,Retail,Low
C0208,Sneha Roy,Pune,Retail,Low
C0209,Sneha Roy,Patna,Retail,Medium
C0210,Karan Gupta,Patna,Retail,Low
C0211,Priya Verma,Jaipur,Premium,Medium
C0212,Karan Gupta,Kolkata,Retail,Low
C0213,Rohit Singh,Pune,Premium,Medium
C0214,Neha Sharma,Delhi,Retail,Low
C0215,Neha Sharma,Kolkata,Retail,Low
C0216,Vikas Das,Jaipur,Business,Medium
C0217,Neha Sharma,Pune,Premium,Low
C0218,Karan Gupta,Kolkata,Premium,Low
C0219,Sneha Roy,Jaipur,Retail,Low
C0220,Amit Kumar,Kolkata,Retail,Low
C0221,Priya Verma,Mumbai,Retail,Medium
C0222,Amit Kumar,Delhi,Retail,High
C0223,Karan Gupta,Mumbai,Premium,Low
C0224,Karan Gupta,Patna,Premium,Low
C0225,Karan Gupta,Jaipur,Retail,Low
C0226,Priya Verma,Mumbai,Premium,High
C0227,Vikas Das,Delhi,Retail,High
C0228,Vikas Das,Lucknow,Business,Medium
C0229,Neha Sharma,Mumbai,Retail,High
C0230,Pooja Mehta,Delhi,Business,Low
C0231,Neha Sharma,Mumbai,Retail,Low
C0232,Amit Kumar,Mumbai,Retail,High
C0233,Pooja Mehta,Kolkata,Retail,Low
C0234,Priya Verma,Delhi,Premium,Low
C0235,Sneha Roy,Lucknow,Retail,Low
C0236,Vikas Das,Kolkata,Retail,Medium
C0237,Priya Verma,Mumbai,Retail,Low
C0238,Vikas Das,Jaipur,Retail,Low
C0239,Vikas Das,Lucknow,Retail,Low
C0240,Karan Gupta,Kolkata,Retail,Low
C0241,Vikas Das,Jaipur,Retail,Medium
C0242,Neha Sharma,Lucknow,Premium,Medium
C0243,Rohit Singh,Kolkata,Premium,Low
C0244,Amit Kumar,Patna,Premium,Low
C0245,Sneha Roy,Kolkata,Retail,Low
C0246,Vikas Das,Mumbai,Premium,Medium
C0247,Karan Gupta,Jaipur,Retail,High
C0248,Karan Gupta,Pune,Premium,Medium
C0249,Sneha Roy,Jaipur,Business,Low
C0250,Pooja Mehta,Delhi,Premium,High
C0251,Priya Verma,Patna,Retail,Low
C0252,Priya Verma,Delhi,Retail,Medium
C0253,Rohit Singh,Lucknow,Premium,Low
C0254,Sneha Roy,Delhi,Retail,High
C0255,Neha Sharma,Pune,Premium,Low
C0256,Neha Sharma,Patna,Business,Low
C0257,Pooja Mehta,Mumbai,Premium,Low
C0258,Rohit Singh,Jaipur,Business,High
C0259,Karan Gupta,Lucknow,Retail,Low
C0260,Neha Sharma,Lucknow,Retail,Low
C0261,Priya Verma,Jaipur,Retail,Low
C0262,Vikas Das,Lucknow,Retail,High
C0263,Amit Kumar,Delhi,Retail,Medium
C0264,Vikas Das,Mumbai,Premium,Low
C0265,Sneha Roy,Kolkata,Retail,Low
C0266,Sneha Roy,Delhi,Premium,Low
C0267,Neha Sharma,Kolkata,Retail,Medium
C0268,Pooja Mehta,Pune,Business,Low
C0269,Amit Kumar,Jaipur,Retail,Medium
C0270,Priya Verma,Lucknow,Retail,Medium
C0271,Vikas Das,Lucknow,Premium,Low
C0272,Sneha Roy,Delhi,Retail,Low
C0273,Amit Kumar,Jaipur,Premium,Low
C0274,Pooja Mehta,Delhi,Retail,Low
C0275,Pooja Mehta,Pune,Premium,Low
C0276,Karan Gupta,Jaipur,Retail,Low
C0277,Pooja Mehta,Lucknow,Premium,Medium
C0278,Amit Kumar,Patna,Retail,Low
C0279,Karan Gupta,Kolkata,Retail,Low
C0280,Pooja Mehta,Jaipur,Business,Low
C0281,Pooja Mehta,Pune,Business,Medium
C0282,Amit Kumar,Delhi,Business,High
C0283,Pooja Mehta,Lucknow,Retail,High
C0284,Priya Verma,Mumbai,Premium,Medium
C0285,Vikas Das,Patna,Retail,Medium
C0286,Vikas Das,Kolkata,Retail,Medium
C0287,Vikas Das,Lucknow,Retail,Low
C0288,Amit Kumar,Mumbai,Retail,Low
C0289,Sneha Roy,Pune,Premium,Medium
C0290,Neha Sharma,Mumbai,Business,Low
C0291,Priya Verma,Mumbai,Business,Low
C0292,Priya Verma,Patna,Retail,Medium
C0293,Vikas Das,Delhi,Premium,Low
C0294,Amit Kumar,Delhi,Retail,Low
C0295,Vikas Das,Lucknow,Retail,Low
C0296,Rohit Singh,Mumbai,Business,Low
C0297,Vikas Das,Kolkata,Retail,High
C0298,Neha Sharma,Patna,Retail,Medium
C0299,Karan Gupta,Delhi,Premium,Low
C0300,Karan Gupta,Patna,Retail,Medium
C0301,Sneha Roy,Patna,Business,Low
C0302,Sneha Roy,Pune,Premium,Medium
C0303,Neha Sharma,Lucknow,Retail,Medium
C0304,Amit Kumar,Lucknow,Retail,Low
C0305,Pooja Mehta,Patna,Premium,Low
C0306,Pooja Mehta,Mumbai,Premium,Low
C0307,Amit Kumar,Mumbai,Retail,Low
C0308,Neha Sharma,Patna,Business,Low
C0309,Priya Verma,Delhi,Retail,Low
C0310,Karan Gupta,Mumbai,Retail,High
C0311,Priya Verma,Lucknow,Retail,Medium
C0312,Sneha Roy,Kolkata,Retail,Medium
C0313,Priya Verma,Mumbai,Retail,Low
C0314,Sneha Roy,Mumbai,Retail,High
C0315,Sneha Roy,Jaipur,Retail,Medium
C0316,Vikas Das,Jaipur,Retail,Low
C0317,Rohit Singh,Kolkata,Retail,Low
C0318,Rohit Singh,Patna,Retail,Low
C0319,Priya Verma,Lucknow,Retail,Low
C0320,Neha Sharma,Mumbai,Premium,High
C0321,Rohit Singh,Lucknow,Retail,High
C0322,Vikas Das,Delhi,Retail,Medium
C0323,Sneha Roy,Patna,Premium,Medium
C0324,Pooja Mehta,Delhi,Retail,High
C0325,Pooja Mehta,Patna,Retail,Medium
C0326,Priya Verma,Kolkata,Retail,Low
C0327,Neha Sharma,Kolkata,Retail,Low
C0328,Neha Sharma,Lucknow,Retail,Low
C0329,Neha Sharma,Delhi,Retail,Low
C0330,Pooja Mehta,Kolkata,Premium,Medium
C0331,Neha Sharma,Kolkata,Retail,Low
C0332,Vikas Das,Jaipur,Business,Medium
C0333,Vikas Das,Jaipur,Retail,Low
C0334,Vikas Das,Lucknow,Retail,Medium
C0335,Neha Sharma,Patna,Business,Medium
C0336,Karan Gupta,Lucknow,Retail,Low
C0337,Rohit Singh,Jaipur,Premium,Medium
C0338,Karan Gupta,Jaipur,Retail,Low
C0339,Sneha Roy,Kolkata,Premium,Low
C0340,Karan Gupta,Jaipur,Retail,Medium
C0341,Sneha Roy,Mumbai,Business,Medium
C0342,Pooja Mehta,Pune,Retail,Low
C0343,Neha Sharma,Patna,Retail,Low
C0344,Amit Kumar,Patna,Premium,Low
C0345,Sneha Roy,Patna,Retail,High
C0346,Karan Gupta,Jaipur,Retail,Medium
C0347,Rohit Singh,Kolkata,Retail,Medium
C0348,Priya Verma,Pune,Retail,High
C0349,Neha Sharma,Lucknow,Retail,High
C0350,Rohit Singh,Pune,Premium,Medium
