booking_id,traveler_id,destination,travel_class,fare,duration_hours
BK00001,T0190,Bangalore,Premium,63630.44,3.1
BK00002,T0017,Goa,Business,109345.11,9.6
BK00003,T0054,Kolkata,Premium,88632.78,13.4
BK00004,T0142,Goa,Economy,11807.96,13.6
BK00005,T0222,Goa,Economy,41078.19,12.2
BK00006,T0041,Kolkata,Economy,9878.21,1.9
BK00007,T0127,Dubai,Premium,72253.28,1.7
BK00008,T0191,Goa,Economy,23222.49,9.5
BK00009,T0168,Bangalore,Business,12229.97,10.7
BK00010,T0059,Goa,Business,90817.8,7.5
BK00011,T0234,Dubai,Premium,84530.72,4.1
BK00012,T0109,Bangalore,Business,84757.43,9.8
BK00013,T0115,Goa,Business,57741.53,2.8
BK00014,T0171,Dubai,Business,69139.42,14.1
BK00015,T0232,Dubai,Premium,51550.63,11.5
BK00016,T0032,Kolkata,Economy,51881.46,2.3
BK00017,T0074,Dubai,Economy,30661.17,1.8
BK00018,T0136,Mumbai,Business,52270.49,1.9
BK00019,T0133,Mumbai,Premium,19040.45,8.2
BK00020,T0217,Bangalore,Business,39337.44,4.5
BK00021,T0094,Goa,Premium,10151.97,7.1
BK00022,T0138,Dubai,Premium,74584.51,7.0
BK00023,T0079,Dubai,Premium,26204.55,6.1
BK00024,T0070,Kolkata,Economy,25850.67,4.8
BK00025,T0202,Goa,Business,91938.36,14.7
BK00026,T0011,Goa,Economy,29351.15,4.4
BK00027,T0127,Goa,Economy,56516.69,6.8
BK00028,T0224,Mumbai,Business,56674.58,8.3
BK00029,T0198,Kolkata,Premium,40039.12,2.1
BK00030,T0124,Mumbai,Business,9280.37,8.4
BK00031,T0072,Mumbai,Economy,77043.72,7.1
BK00032,T0055,Mumbai,Premium,15714.87,1.9
BK00033,T0107,Mumbai,Premium,51804.75,4.0
BK00034,T0182,Dubai,Business,4253.9,15.0
BK00035,T0069,Mumbai,Premium,47222.2,5.8
BK00036,T0194,Delhi,Business,106984.88,9.4
BK00037,T0033,Kolkata,Economy,53252.08,1.5
BK00038,T0047,Delhi,Premium,35695.67,14.6
BK00039,T0020,Goa,Premium,67897.07,7.8
BK00040,T0030,Dubai,Business,56144.78,3.7
BK00041,T0034,Goa,Economy,66065.37,1.3
BK00042,T0116,Goa,Economy,32471.3,3.7
BK00043,T0136,Bangalore,Business,106584.17,12.9
BK00044,T0194,Kolkata,Economy,105005.65,5.8
BK00045,T0108,Dubai,Premium,104013.61,6.5
BK00046,T0096,Dubai,Business,100331.56,7.2
BK00047,T0235,Goa,Economy,118846.85,5.4
BK00048,T0228,Delhi,Premium,6936.71,8.4
BK00049,T0057,Bangalore,Economy,103964.86,7.7
BK00050,T0201,Mumbai,Economy,59458.01,1.0
BK00051,T0062,Delhi,Business,56503.06,7.5
BK00052,T0205,Dubai,Business,72471.01,11.1
BK00053,T0210,Delhi,Business,92189.78,4.9
BK00054,T0220,Kolkata,Business,92912.14,11.3
BK00055,T0033,Goa,Economy,52345.17,2.4
BK00056,T0158,Kolkata,Premium,83550.43,13.4
BK00057,T0017,Dubai,Premium,70962.09,9.6
BK00058,T0222,Bangalore,Premium,70709.03,12.0
BK00059,T0220,Bangalore,Business,64772.49,1.4
BK00060,T0218,Bangalore,Premium,95908.11,6.1
BK00061,T0224,Bangalore,Business,95965.83,8.0
BK00062,T0222,Kolkata,Business,42298.93,5.6
BK00063,T0036,Kolkata,Premium,66419.85,13.3
BK00064,T0172,Bangalore,Economy,58405.7,13.2
BK00065,T0146,Dubai,Premium,99277.58,14.3
BK00066,T0142,Bangalore,Business,8731.35,11.8
BK00067,T0167,Bangalore,Business,50552.76,1.1
BK00068,T0123,Delhi,Premium,65231.12,12.6
BK00069,T0142,Mumbai,Business,16238.91,3.6
BK00070,T0216,Goa,Premium,109167.56,9.3
BK00071,T0208,Mumbai,Business,67557.5,1.2
BK00072,T0094,Dubai,Economy,40464.23,8.7
BK00073,T0163,Mumbai,Premium,69939.67,4.4
BK00074,T0205,Dubai,Business,37810.4,13.9
BK00075,T0159,Bangalore,Business,32852.18,12.0
BK00076,T0115,Goa,Premium,106591.28,11.5
BK00077,T0176,Bangalore,Business,84065.43,1.7
BK00078,T0036,Dubai,Economy,2446.78,10.1
BK00079,T0155,Kolkata,Business,67162.86,6.9
BK00080,T0201,Goa,Business,97783.18,11.7
BK00081,T0200,Kolkata,Premium,97376.15,12.2
BK00082,T0111,Delhi,Business,26863.44,12.5
BK00083,T0050,Delhi,Business,45153.16,2.0
BK00084,T0009,Goa,Economy,12073.83,9.3
BK00085,T0129,Bangalore,Economy,86583.6,4.4
BK00086,T0010,Dubai,Business,111022.07,7.0
BK00087,T0232,Kolkata,Business,54401.38,12.2
BK00088,T0017,Bangalore,Business,85147.52,13.0
BK00089,T0135,Delhi,Economy,37403.93,12.6
BK00090,T0115,Bangalore,Economy,77324.49,4.9
BK00091,T0125,Goa,Business,88020.68,8.1
BK00092,T0140,Dubai,Economy,62504.75,6.4
BK00093,T0168,Delhi,Economy,119995.24,1.7
BK00094,T0237,Delhi,Business,89684.52,3.6
BK00095,T0207,Delhi,Premium,62280.74,13.8
BK00096,T0194,Kolkata,Premium,32317.85,8.0
BK00097,T0080,Delhi,Premium,25511.7,9.3
BK00098,T0102,Mumbai,Business,117960.93,12.0
BK00099,T0017,Mumbai,Premium,39978.52,3.6
BK00100,T0023,Dubai,Economy,99619.68,12.2
BK00101,T0169,Dubai,Business,72521.02,2.3
BK00102,T0078,Delhi,Premium,119808.85,8.5
BK00103,T0094,Dubai,Economy,52156.4,5.9
BK00104,T0215,Delhi,Economy,94198.25,4.3
BK00105,T0153,Delhi,Economy,34927.37,14.6
BK00106,T0143,Goa,Economy,46025.09,8.4
BK00107,T0035,Kolkata,Premium,41161.9,5.8
BK00108,T0214,Bangalore,Premium,46127.24,5.3
BK00109,T0020,Delhi,Economy,17876.34,3.3
BK00110,T0166,Delhi,Economy,100397.05,1.3
BK00111,T0145,Kolkata,Premium,95330.64,2.7
BK00112,T0124,Bangalore,Business,20599.67,12.1
BK00113,T0162,Delhi,Premium,60533.36,11.5
BK00114,T0129,Delhi,Economy,91793.84,2.9
BK00115,T0173,Dubai,Business,72048.05,2.5
BK00116,T0196,Bangalore,Economy,28345.12,10.3
BK00117,T0052,Delhi,Business,95518.66,3.7
BK00118,T0105,Goa,Economy,86947.08,5.1
BK00119,T0013,Kolkata,Premium,41057.89,8.1
BK00120,T0145,Kolkata,Business,102191.55,12.6
BK00121,T0027,Dubai,Premium,96909.95,2.5
BK00122,T0091,Kolkata,Premium,118295.18,4.7
BK00123,T0176,Delhi,Premium,12504.83,13.8
BK00124,T0100,Mumbai,Business,32812.81,9.4
BK00125,T0003,Kolkata,Premium,16305.69,8.3
BK00126,T0088,Goa,Economy,72752.61,7.1
BK00127,T0227,Goa,Economy,45049.41,13.6
BK00128,T0027,Delhi,Premium,13010.16,13.5
BK00129,T0035,Mumbai,Business,119608.98,10.6
BK00130,T0177,Goa,Premium,19740.77,5.5
BK00131,T0113,Bangalore,Premium,56184.99,10.6
BK00132,T0034,Kolkata,Economy,13404.96,9.0
BK00133,T0026,Mumbai,Economy,7970.9,7.9
BK00134,T0142,Dubai,Business,54668.03,8.6
BK00135,T0010,Mumbai,Economy,87036.53,4.1
BK00136,T0187,Kolkata,Business,94631.12,7.8
BK00137,T0057,Bangalore,Business,103708.08,1.9
BK00138,T0115,Dubai,Premium,9581.43,13.8
BK00139,T0147,Kolkata,Business,76270.52,6.2
BK00140,T0213,Goa,Business,32221.28,2.1
BK00141,T0134,Dubai,Economy,92635.61,2.1
BK00142,T0031,Dubai,Business,49640.7,7.8
BK00143,T0209,Mumbai,Business,10395.74,13.8
BK00144,T0019,Dubai,Premium,86867.04,13.0
BK00145,T0234,Delhi,Economy,22987.16,10.1
BK00146,T0051,Kolkata,Economy,5432.56,6.4
BK00147,T0093,Mumbai,Premium,92828.82,2.9
BK00148,T0167,Bangalore,Economy,64203.57,4.5
BK00149,T0239,Bangalore,Premium,84860.18,6.3
BK00150,T0177,Mumbai,Economy,11477.51,1.2
BK00151,T0107,Mumbai,Economy,18565.44,10.2
BK00152,T0032,Delhi,Business,94372.65,2.0
BK00153,T0071,Kolkata,Economy,72841.53,12.6
BK00154,T0123,Goa,Economy,85288.71,7.2
BK00155,T0114,Goa,Economy,66244.77,1.1
BK00156,T0105,Goa,Business,107135.7,4.8
BK00157,T0089,Dubai,Business,75684.38,3.5
BK00158,T0034,Goa,Business,50196.17,9.5
BK00159,T0176,Delhi,Business,20145.16,6.2
BK00160,T0198,Kolkata,Premium,54098.65,9.9
BK00161,T0072,Mumbai,Business,3315.95,12.3
BK00162,T0226,Kolkata,Premium,28790.46,6.7
BK00163,T0089,Goa,Economy,103854.09,13.7
BK00164,T0175,Delhi,Premium,3685.67,12.3
BK00165,T0196,Goa,Economy,59075.05,14.1
BK00166,T0131,Delhi,Economy,78694.19,1.3
BK00167,T0121,Kolkata,Business,47963.54,12.6
BK00168,T0117,Mumbai,Economy,48645.26,4.0
BK00169,T0033,Goa,Business,90620.24,7.2
BK00170,T0011,Delhi,Business,64613.17,13.8
BK00171,T0184,Kolkata,Business,99238.54,3.3
BK00172,T0040,Mumbai,Business,34107.94,2.6
BK00173,T0040,Bangalore,Premium,108580.25,11.1
BK00174,T0053,Mumbai,Business,50377.09,4.8
BK00175,T0106,Dubai,Premium,19611.68,1.9
BK00176,T0172,Delhi,Premium,99739.57,13.5
BK00177,T0090,Mumbai,Premium,47496.93,11.5
BK00178,T0035,Kolkata,Economy,56747.07,9.0
BK00179,T0088,Kolkata,Business,73932.67,10.5
BK00180,T0157,Mumbai,Premium,65627.04,7.2
BK00181,T0053,Delhi,Premium,100026.93,3.3
BK00182,T0197,Delhi,Premium,80081.57,14.5
BK00183,T0017,Goa,Economy,29587.76,7.8
BK00184,T0147,Goa,Premium,25979.27,2.1
BK00185,T0036,Goa,Business,109350.32,9.7
BK00186,T0137,Delhi,Business,42340.89,8.7
BK00187,T0190,Bangalore,Premium,64803.12,9.0
BK00188,T0119,Kolkata,Business,15058.06,9.7
BK00189,T0234,Bangalore,Business,91751.42,11.7
BK00190,T0008,Goa,Business,110476.69,14.6
BK00191,T0103,Kolkata,Economy,102510.3,11.0
BK00192,T0051,Delhi,Economy,65495.73,2.0
BK00193,T0006,Dubai,Premium,72384.39,6.0
BK00194,T0182,Kolkata,Business,73096.83,5.4
BK00195,T0130,Goa,Premium,40706.38,10.9
BK00196,T0225,Dubai,Economy,61722.89,14.3
BK00197,T0105,Dubai,Premium,79453.08,14.6
BK00198,T0180,Kolkata,Premium,99374.6,9.3
BK00199,T0235,Delhi,Economy,48657.62,9.1
BK00200,T0120,Dubai,Economy,67975.13,14.2
BK00201,T0233,Delhi,Premium,71402.18,7.8
BK00202,T0109,Bangalore,Economy,37095.03,14.5
BK00203,T0035,Goa,Economy,10630.45,14.8
BK00204,T0174,Kolkata,Premium,59083.58,13.5
BK00205,T0181,Dubai,Economy,24648.16,6.4
BK00206,T0109,Mumbai,Economy,115937.61,3.7
BK00207,T0159,Bangalore,Premium,46147.47,4.1
BK00208,T0020,Delhi,Business,57960.35,8.3
BK00209,T0239,Mumbai,Economy,92842.91,3.4
BK00210,T0086,Mumbai,Premium,69208.08,10.8
BK00211,T0199,Goa,Business,91670.73,12.6
BK00212,T0203,Bangalore,Economy,99392.42,2.6
BK00213,T0037,Goa,Economy,53579.87,10.5
BK00214,T0100,Kolkata,Premium,114178.03,14.2
BK00215,T0173,Kolkata,Premium,32656.5,14.2
BK00216,T0037,Bangalore,Premium,28962.54,12.4
BK00217,T0145,Bangalore,Economy,43759.8,8.9
BK00218,T0034,Bangalore,Economy,15656.97,5.0
BK00219,T0225,Goa,Business,70223.65,1.4
BK00220,T0213,Delhi,Economy,28686.48,9.9
BK00221,T0163,Dubai,Economy,10359.86,6.1
BK00222,T0103,Delhi,Business,42168.64,5.4
BK00223,T0090,Delhi,Economy,101457.59,7.0
BK00224,T0081,Goa,Business,74539.62,3.1
BK00225,T0198,Dubai,Premium,22864.69,8.4
BK00226,T0034,Bangalore,Economy,98706.66,3.5
BK00227,T0084,Delhi,Business,108271.0,8.2
BK00228,T0218,Mumbai,Premium,56583.19,4.2
BK00229,T0156,Dubai,Premium,4539.05,2.5
BK00230,T0008,Kolkata,Economy,110459.05,14.3
BK00231,T0198,Kolkata,Economy,67508.01,4.9
BK00232,T0193,Dubai,Business,65156.19,13.8
BK00233,T0163,Mumbai,Business,44926.89,4.2
BK00234,T0230,Goa,Economy,84680.91,7.8
BK00235,T0130,Bangalore,Business,56725.92,12.6
BK00236,T0063,Kolkata,Premium,76257.04,4.7
BK00237,T0228,Bangalore,Premium,81509.69,6.2
BK00238,T0198,Mumbai,Premium,38719.63,8.7
BK00239,T0121,Delhi,Economy,70008.5,7.4
BK00240,T0151,Delhi,Business,105219.6,2.6
BK00241,T0019,Goa,Economy,50893.19,10.1
BK00242,T0200,Dubai,Premium,87446.72,1.3
BK00243,T0239,Delhi,Business,83365.88,7.8
BK00244,T0008,Goa,Premium,46335.59,8.8
BK00245,T0075,Dubai,Premium,34643.96,5.1
BK00246,T0062,Dubai,Premium,17105.2,6.4
BK00247,T0056,Kolkata,Business,119635.31,4.6
BK00248,T0024,Bangalore,Business,52778.0,4.9
BK00249,T0107,Mumbai,Economy,55375.55,6.8
BK00250,T0087,Bangalore,Premium,74924.75,12.1
BK00251,T0102,Kolkata,Business,105291.64,12.9
BK00252,T0039,Goa,Premium,52211.88,6.6
BK00253,T0097,Kolkata,Business,57534.04,13.4
BK00254,T0169,Delhi,Economy,11268.13,12.0
BK00255,T0198,Bangalore,Premium,50166.34,4.1
BK00256,T0165,Bangalore,Premium,24173.5,7.1
BK00257,T0106,Goa,Economy,33310.65,8.1
BK00258,T0209,Mumbai,Premium,72649.06,13.1
BK00259,T0180,Delhi,Economy,13872.36,9.6
BK00260,T0149,Kolkata,Business,18233.82,10.3
BK00261,T0113,Delhi,Economy,98197.98,9.3
BK00262,T0066,Dubai,Economy,18157.96,9.0
BK00263,T0154,Dubai,Economy,100290.22,13.3
BK00264,T0144,Mumbai,Premium,80965.27,7.4
BK00265,T0003,Mumbai,Economy,73067.99,10.0
BK00266,T0019,Goa,Economy,67019.64,13.5
BK00267,T0080,Kolkata,Premium,106085.98,8.8
BK00268,T0145,Kolkata,Premium,15309.84,9.1
BK00269,T0069,Kolkata,Premium,104332.34,8.0
BK00270,T0057,Mumbai,Premium,65375.61,3.3
BK00271,T0036,Bangalore,Premium,81305.61,12.4
BK00272,T0059,Goa,Economy,110326.73,7.0
BK00273,T0173,Delhi,Economy,35334.4,11.5
BK00274,T0126,Mumbai,Business,21813.78,11.7
BK00275,T0110,Delhi,Business,70567.84,4.6
BK00276,T0156,Kolkata,Premium,12272.72,12.1
BK00277,T0208,Delhi,Economy,58457.38,7.1
BK00278,T0100,Bangalore,Economy,29323.57,11.2
BK00279,T0042,Delhi,Premium,10749.29,12.2
BK00280,T0230,Delhi,Premium,49529.05,9.2
BK00281,T0013,Kolkata,Business,51064.74,5.2
BK00282,T0058,Delhi,Premium,18144.13,10.1
BK00283,T0232,Mumbai,Premium,39145.14,3.5
BK00284,T0225,Goa,Premium,11964.31,14.1
BK00285,T0137,Dubai,Business,88124.63,9.1
BK00286,T0097,Kolkata,Economy,77846.7,10.5
BK00287,T0079,Kolkata,Business,101403.18,13.4
BK00288,T0208,Delhi,Premium,52642.78,10.8
BK00289,T0046,Bangalore,Premium,47106.58,9.7
BK00290,T0062,Kolkata,Business,42805.91,14.8
BK00291,T0195,Kolkata,Economy,118579.77,14.7
BK00292,T0097,Delhi,Premium,3383.36,1.1
BK00293,T0006,Kolkata,Premium,25716.06,12.9
BK00294,T0218,Dubai,Premium,87756.9,1.3
BK00295,T0231,Mumbai,Business,44461.95,12.0
BK00296,T0211,Delhi,Business,119690.97,8.2
BK00297,T0060,Dubai,Business,39365.97,7.2
BK00298,T0160,Goa,Business,119780.46,7.3
BK00299,T0142,Bangalore,Economy,19686.04,3.5
BK00300,T0228,Kolkata,Premium,12344.85,8.6
BK00301,T0065,Dubai,Premium,80221.08,13.1
BK00302,T0102,Bangalore,Economy,92762.67,6.4
BK00303,T0125,Mumbai,Business,75090.29,9.0
BK00304,T0162,Bangalore,Business,46421.75,10.3
BK00305,T0045,Dubai,Premium,76424.79,1.8
BK00306,T0002,Kolkata,Business,100981.18,1.7
BK00307,T0148,Delhi,Business,25702.06,14.2
BK00308,T0044,Bangalore,Premium,45793.92,2.7
BK00309,T0094,Mumbai,Premium,47734.38,3.9
BK00310,T0191,Delhi,Premium,106475.56,3.1
BK00311,T0058,Kolkata,Premium,13968.02,8.6
BK00312,T0011,Dubai,Business,34780.71,3.5
BK00313,T0109,Mumbai,Premium,110930.64,4.0
BK00314,T0194,Dubai,Premium,25711.87,1.8
BK00315,T0104,Bangalore,Business,53393.1,5.6
BK00316,T0012,Kolkata,Premium,24030.84,1.5
BK00317,T0077,Kolkata,Premium,36902.7,11.1
BK00318,T0069,Bangalore,Business,13425.32,10.5
BK00319,T0178,Kolkata,Business,26512.2,6.6
BK00320,T0121,Goa,Business,8060.02,13.4
BK00321,T0029,Dubai,Premium,10015.28,14.6
BK00322,T0109,Kolkata,Business,26843.12,6.1
BK00323,T0174,Dubai,Business,34540.03,14.0
BK00324,T0023,Mumbai,Economy,13813.01,13.6
BK00325,T0213,Dubai,Premium,4513.88,14.4
BK00326,T0012,Goa,Business,90298.45,9.6
BK00327,T0206,Bangalore,Premium,35029.66,8.3
BK00328,T0179,Goa,Premium,40554.88,1.6
BK00329,T0228,Goa,Business,118671.76,5.0
BK00330,T0233,Dubai,Economy,23923.76,8.1
BK00331,T0086,Dubai,Business,71760.81,3.9
BK00332,T0194,Bangalore,Economy,84152.71,5.6
BK00333,T0211,Dubai,Economy,39465.22,5.9
BK00334,T0178,Delhi,Premium,114257.66,12.4
BK00335,T0154,Mumbai,Premium,82961.46,2.7
BK00336,T0212,Mumbai,Business,118287.07,6.6
BK00337,T0112,Dubai,Economy,24413.56,14.1
BK00338,T0103,Dubai,Premium,87124.15,10.9
BK00339,T0033,Bangalore,Premium,50346.33,9.5
BK00340,T0201,Goa,Business,34362.61,2.9
BK00341,T0227,Dubai,Business,84285.46,1.9
BK00342,T0221,Goa,Premium,15614.86,2.9
BK00343,T0217,Dubai,Premium,27140.39,4.2
BK00344,T0023,Dubai,Premium,48560.78,11.6
BK00345,T0193,Bangalore,Business,32807.1,8.4
BK00346,T0033,Goa,Premium,100749.04,3.8
BK00347,T0046,Bangalore,Economy,65308.23,9.2
BK00348,T0146,Dubai,Premium,78758.62,3.9
BK00349,T0081,Kolkata,Premium,84396.28,11.3
BK00350,T0005,Dubai,Business,46633.28,14.3
BK00351,T0222,Goa,Premium,26361.62,11.2
BK00352,T0078,Mumbai,Premium,44740.46,12.0
BK00353,T0216,Delhi,Premium,95406.7,5.7
BK00354,T0153,Kolkata,Economy,87109.48,2.9
BK00355,T0178,Mumbai,Economy,12790.4,2.7
BK00356,T0205,Delhi,Economy,96616.73,10.1
BK00357,T0044,Goa,Business,63374.47,6.8
BK00358,T0218,Mumbai,Economy,49823.94,14.8
BK00359,T0076,Delhi,Economy,7070.44,12.2
BK00360,T0154,Dubai,Business,77256.45,5.6
BK00361,T0094,Dubai,Premium,118848.88,2.9
BK00362,T0004,Kolkata,Economy,17930.38,3.0
BK00363,T0226,Goa,Economy,73116.34,7.7
BK00364,T0068,Kolkata,Economy,10982.84,1.2
BK00365,T0094,Bangalore,Economy,111857.08,12.1
BK00366,T0039,Mumbai,Premium,79900.03,9.5
BK00367,T0194,Dubai,Premium,32059.61,12.7
BK00368,T0028,Kolkata,Premium,72192.82,8.7
BK00369,T0102,Bangalore,Business,50850.19,11.9
BK00370,T0173,Dubai,Premium,82912.82,5.1
BK00371,T0166,Goa,Economy,72610.76,2.6
BK00372,T0076,Delhi,Economy,91311.37,4.5
BK00373,T0046,Kolkata,Economy,95615.14,11.9
BK00374,T0182,Kolkata,Economy,93194.98,11.7
BK00375,T0116,Mumbai,Premium,78956.48,3.7
BK00376,T0080,Mumbai,Business,104303.09,6.5
BK00377,T0003,Mumbai,Business,8010.6,9.6
BK00378,T0213,Delhi,Business,75082.89,9.9
BK00379,T0151,Goa,Business,87685.34,14.9
BK00380,T0102,Delhi,Business,42483.38,8.4
BK00381,T0124,Kolkata,Premium,114002.92,12.2
BK00382,T0007,Bangalore,Premium,118138.89,3.8
BK00383,T0169,Delhi,Premium,32704.68,11.4
BK00384,T0065,Kolkata,Business,39892.37,7.5
BK00385,T0217,Bangalore,Premium,16982.57,9.3
BK00386,T0013,Dubai,Economy,63336.6,10.7
BK00387,T0057,Bangalore,Economy,11097.58,9.3
BK00388,T0142,Bangalore,Business,115543.8,8.3
BK00389,T0163,Goa,Premium,67096.75,8.8
