traveler_id,traveler_name,home_city,traveler_type
T0001,Riya,Mumbai,Business
T0002,Pooja,Delhi,Leisure
T0003,Neha,Delhi,Leisure
T0004,Riya,Patna,Corporate
T0005,Amit,Kolkata,Corporate
T0006,Neha,Pune,Business
T0007,Pooja,Pune,Corporate
T0008,Amit,Kolkata,Corporate
T0009,Neha,Pune,Leisure
T0010,Neha,Delhi,Corporate
T0011,Karan,Mumbai,Business
T0012,Riya,Mumbai,Corporate
T0013,Karan,Patna,Business
T0014,Neha,Patna,Leisure
T0015,Karan,Delhi,Business
T0016,Riya,Pune,Corporate
T0017,Karan,Kolkata,Corporate
T0018,Amit,Delhi,Leisure
T0019,Neha,Patna,Corporate
T0020,Riya,Patna,Business
T0021,Riya,Delhi,Corporate
T0022,Riya,Patna,Business
T0023,Neha,Pune,Corporate
T0024,Pooja,Delhi,Leisure
T0025,Karan,Delhi,Corporate
T0026,Neha,Patna,Corporate
T0027,Pooja,Patna,Business
T0028,Riya,Pune,Corporate
T0029,Pooja,Kolkata,Leisure
T0030,Karan,Delhi,Leisure
T0031,Amit,Kolkata,Business
T0032,Amit,Kolkata,Corporate
T0033,Pooja,Mumbai,Business
T0034,Neha,Pune,Business
T0035,Amit,Pune,Business
T0036,Neha,Delhi,Business
T0037,Pooja,Patna,Leisure
T0038,Riya,Delhi,Leisure
T0039,Pooja,Delhi,Business
T0040,Riya,Mumbai,Leisure
T0041,Riya,Mumbai,Business
T0042,Pooja,Pune,Business
T0043,Pooja,Patna,Corporate
T0044,Neha,Mumbai,Leisure
T0045,Riya,Delhi,Leisure
T0046,Riya,Mumbai,Business
T0047,Karan,Kolkata,Corporate
T0048,Amit,Kolkata,Leisure
T0049,Amit,Kolkata,Corporate
T0050,Riya,Pune,Leisure
T0051,Neha,Patna,Business
T0052,Amit,Pune,Business
T0053,Amit,Patna,Business
T0054,Riya,Patna,Corporate
T0055,Neha,Mumbai,Business
T0056,Amit,Delhi,Business
T0057,Riya,Kolkata,Leisure
T0058,Karan,Mumbai,Corporate
T0059,Karan,Pune,Corporate
T0060,Amit,Kolkata,Business
T0061,Riya,Kolkata,Leisure
T0062,Karan,Mumbai,Leisure
T0063,Pooja,Delhi,Leisure
T0064,Neha,Mumbai,Corporate
T0065,Riya,Mumbai,Business
T0066,Neha,Delhi,Leisure
T0067,Karan,Pune,Corporate
T0068,Neha,Kolkata,Leisure
T0069,Riya,Patna,Corporate
T0070,Pooja,Kolkata,Corporate
T0071,Neha,Patna,Corporate
T0072,Riya,Patna,Corporate
T0073,Neha,Pune,Business
T0074,Neha,Patna,Leisure
T0075,Neha,Kolkata,Business
T0076,Karan,Delhi,Corporate
T0077,Pooja,Delhi,Corporate
T0078,Karan,Mumbai,Corporate
T0079,Pooja,Mumbai,Business
T0080,Amit,Pune,Corporate
T0081,Riya,Delhi,Business
T0082,Pooja,Patna,Business
T0083,Pooja,Pune,Business
T0084,Amit,Kolkata,Leisure
T0085,Amit,Patna,Corporate
T0086,Pooja,Pune,Business
T0087,Neha,Kolkata,Business
T0088,Karan,Mumbai,Leisure
T0089,Neha,Pune,Business
T0090,Amit,Mumbai,Leisure
T0091,Karan,Delhi,Leisure
T0092,Amit,Pune,Business
T0093,Pooja,Patna,Business
T0094,Amit,Kolkata,Leisure
T0095,Riya,Pune,Business
T0096,Karan,Mumbai,Business
T0097,Riya,Delhi,Business
T0098,Amit,Pune,Corporate
T0099,Karan,Delhi,Leisure
T0100,Riya,Mumbai,Leisure
T0101,Neha,Pune,Corporate
T0102,Pooja,Patna,Business
T0103,Amit,Mumbai,Business
T0104,Pooja,Delhi,Leisure
T0105,Karan,Kolkata,Leisure
T0106,Pooja,Patna,Leisure
T0107,Amit,Mumbai,Leisure
T0108,Pooja,Kolkata,Business
T0109,Karan,Patna,Business
T0110,Karan,Delhi,Business
T0111,Riya,Patna,Leisure
T0112,Pooja,Kolkata,Business
T0113,Riya,Mumbai,Business
T0114,Neha,Patna,Corporate
T0115,Amit,Patna,Corporate
T0116,Pooja,Patna,Corporate
T0117,Amit,Pune,Leisure
T0118,Riya,Delhi,Corporate
T0119,Pooja,Pune,Business
T0120,Riya,Mumbai,Leisure
T0121,Pooja,Pune,Leisure
T0122,Amit,Mumbai,Business
T0123,Pooja,Mumbai,Leisure
T0124,Riya,Delhi,Business
T0125,Pooja,Patna,Leisure
T0126,Pooja,Kolkata,Business
T0127,Riya,Mumbai,Leisure
T0128,Karan,Patna,Corporate
T0129,Karan,Pune,Leisure
T0130,Pooja,Kolkata,Leisure
T0131,Riya,Pune,Business
T0132,Amit,Mumbai,Business
T0133,Riya,Kolkata,Business
T0134,Neha,Delhi,Corporate
T0135,Neha,Delhi,Corporate
T0136,Karan,Pune,Business
T0137,Riya,Delhi,Corporate
T0138,Riya,Patna,Corporate
T0139,Karan,Kolkata,Business
T0140,Amit,Patna,Leisure
T0141,Neha,Patna,Business
T0142,Neha,Pune,Corporate
T0143,Pooja,Kolkata,Business
T0144,Pooja,Kolkata,Corporate
T0145,Neha,Pune,Leisure
T0146,Karan,Kolkata,Business
T0147,Riya,Patna,Business
T0148,Neha,Mumbai,Corporate
T0149,Riya,Patna,Leisure
T0150,Pooja,Pune,Leisure
T0151,Karan,Pune,Leisure
T0152,Pooja,Pune,Corporate
T0153,Neha,Mumbai,Leisure
T0154,Neha,Delhi,Corporate
T0155,Amit,Patna,Corporate
T0156,Amit,Patna,Business
T0157,Riya,Kolkata,Leisure
T0158,Pooja,Delhi,Corporate
T0159,Neha,Pune,Corporate
T0160,Amit,Delhi,Leisure
T0161,Riya,Mumbai,Business
T0162,Pooja,Delhi,Leisure
T0163,Amit,Pune,Business
T0164,Neha,Delhi,Corporate
T0165,Amit,Kolkata,Corporate
T0166,Riya,Patna,Corporate
T0167,Amit,Delhi,Leisure
T0168,Pooja,Kolkata,Corporate
T0169,Neha,Delhi,Corporate
T0170,Amit,Mumbai,Corporate
T0171,Karan,Kolkata,Corporate
T0172,Neha,Pune,Leisure
T0173,Neha,Mumbai,Leisure
T0174,Riya,Kolkata,Leisure
T0175,Karan,Patna,Leisure
T0176,Karan,Delhi,Business
T0177,Karan,Patna,Corporate
T0178,Amit,Delhi,Business
T0179,Karan,Mumbai,Business
T0180,Pooja,Delhi,Corporate
T0181,Karan,Delhi,Corporate
T0182,Neha,Pune,Leisure
T0183,Pooja,Delhi,Leisure
T0184,Pooja,Patna,Corporate
T0185,Amit,Delhi,Corporate
T0186,Riya,Mumbai,Business
T0187,Riya,Mumbai,Leisure
T0188,Neha,Mumbai,Leisure
T0189,Amit,Pune,Corporate
T0190,Karan,Mumbai,Business
T0191,Amit,Pune,Leisure
T0192,Neha,Kolkata,Business
T0193,Riya,Pune,Leisure
T0194,Riya,Delhi,Corporate
T0195,Pooja,Pune,Business
T0196,Neha,Mumbai,Leisure
T0197,Pooja,Delhi,Leisure
T0198,Amit,Delhi,Leisure
T0199,Karan,Pune,Corporate
T0200,Pooja,Kolkata,Corporate
T0201,Karan,Mumbai,Leisure
T0202,Riya,Pune,Corporate
T0203,Riya,Pune,Leisure
T0204,Karan,Pune,Corporate
T0205,Karan,Delhi,Leisure
T0206,Neha,Kolkata,Leisure
T0207,Amit,Delhi,Leisure
T0208,Karan,Pune,Leisure
T0209,Karan,Delhi,Corporate
T0210,Amit,Delhi,Leisure
T0211,Neha,Pune,Business
T0212,Amit,Delhi,Corporate
T0213,Riya,Pune,Leisure
T0214,Karan,Pune,Corporate
T0215,Pooja,Delhi,Leisure
T0216,Pooja,Mumbai,Corporate
T0217,Neha,Pune,Leisure
T0218,Neha,Kolkata,Corporate
T0219,Neha,Delhi,Corporate
T0220,Amit,Kolkata,Leisure
T0221,Pooja,Patna,Leisure
T0222,Riya,Pune,Leisure
T0223,Pooja,Pune,Corporate
T0224,Neha,Pune,Corporate
T0225,Riya,Delhi,Business
T0226,Amit,Patna,Corporate
T0227,Riya,Kolkata,Corporate
T0228,Amit,Kolkata,Business
T0229,Amit,Pune,Business
T0230,Riya,Kolkata,Business
T0231,Riya,Patna,Leisure
T0232,Riya,Kolkata,Leisure
T0233,Riya,Mumbai,Business
T0234,Amit,Patna,Leisure
T0235,Karan,Kolkata,Corporate
T0236,Karan,Mumbai,Business
T0237,Karan,Pune,Leisure
T0238,Neha,Delhi,Leisure
T0239,Neha,Delhi,Leisure
